rank1,rank2,rank3,rank4,rank5,rank6,rank7,rank8,rank9,rank10,rank11,rank12,rank13,rank14,rank15,rank16,rank17,rank18,rank19,rank20,rank21,rank22,rank23,rank24,rank25,rank26,rank27,rank28,rank29,rank30,rank31,Num Cands,Num Seats
Skipped,Skipped,Skipped,Skipped,Skipped,Skipped,Skipped,Skipped,Skipped,Skipped,Skipped,Skipped,Skipped,Skipped,Skipped,Skipped,Skipped,Skipped,Skipped,Skipped,Skipped,Skipped,Skipped,Skipped,Skipped,Skipped,Skipped,Skipped,Skipped,Skipped,Skipped,31.0,1.0
Skipped,2,Skipped,Skipped,Skipped,Skipped,Skipped,Skipped,5,10,12,10,Skipped,4,10,Skipped,Skipped,1,Skipped,6,10,Skipped,Skipped,9,Skipped,8,10,11,3,Skipped,7,,
2,Skipped,Skipped,Skipped,4,6,9,Skipped,Skipped,8,Skipped,Skipped,14,Skipped,5,15,Skipped,Skipped,14,Skipped,Skipped,Skipped,1,14,7,3,Skipped,Skipped,Skipped,14,14,,
Skipped,Skipped,Skipped,1,Skipped,9,4,16,Skipped,30,Skipped,16,21,16,29,5,6,8,Skipped,10,13,2,16,3,19,22,16,12,7,11,Skipped,,
17,9,4,13,31,11,Skipped,10,14,5,14,Skipped,Skipped,17,6,Skipped,18,8,15,Skipped,Skipped,16,29,1,7,3,12,Skipped,2,Skipped,30,,
3,Skipped,Skipped,Skipped,Skipped,Skipped,Skipped,Skipped,Skipped,5,Skipped,Skipped,Skipped,Skipped,7,1,2,Skipped,Skipped,Skipped,Skipped,Skipped,6,Skipped,Skipped,Skipped,Skipped,Skipped,4,Skipped,Skipped,,
Skipped,Skipped,Skipped,Skipped,Skipped,Skipped,Skipped,Skipped,Skipped,Skipped,Skipped,Skipped,Skipped,Skipped,1,Skipped,Skipped,Skipped,Skipped,Skipped,Skipped,Skipped,Skipped,Skipped,Skipped,Skipped,Skipped,Skipped,Skipped,Skipped,Skipped,,
Skipped,Skipped,Skipped,Skipped,Skipped,Skipped,Skipped,Skipped,Skipped,Skipped,Skipped,Skipped,Skipped,Skipped,Skipped,Skipped,Skipped,Skipped,Skipped,Skipped,Skipped,Skipped,Skipped,Skipped,Skipped,Skipped,Skipped,Skipped,Skipped,Skipped,Skipped,,
Skipped,18,2,Skipped,11,17,12,19,Skipped,Skipped,Skipped,Skipped,13,7,4,5,10,16,Skipped,15,Skipped,13,8,6,Skipped,20,1,9,3,14,Skipped,,
11,Skipped,1,Skipped,4,Skipped,Skipped,Skipped,17,8,15,Skipped,Skipped,5,14,2,7,Skipped,Skipped,Skipped,Skipped,Skipped,9,10,12,13,3,Skipped,6,Skipped,16,,
6,Skipped,1,9,30,Skipped,Skipped,Skipped,Skipped,5,31,Skipped,Skipped,20,10,2,4,Skipped,Skipped,Skipped,8,11,7,Skipped,Skipped,3,Skipped,Skipped,22,Skipped,21,,
Skipped,Skipped,1,Skipped,Skipped,Skipped,Skipped,Skipped,Skipped,Skipped,30,Skipped,Skipped,4,3,Skipped,2,Skipped,Skipped,Skipped,Skipped,Skipped,Skipped,Skipped,Skipped,Skipped,Skipped,Skipped,Skipped,Skipped,31,,
17,6,22,8,27,2,18,3,20,15,31,28,30,5,11,12,19,13,10,23,29,16,14,1,21,4,9,25,7,26,24,,
20,Skipped,2,20,25,Skipped,25,4,20,20,25,Skipped,Skipped,15,15,5,1,Skipped,10,Skipped,20,20,15,25,3,25,25,Skipped,15,20,31,,
Skipped,Skipped,Skipped,Skipped,Skipped,Skipped,Skipped,Skipped,Skipped,Skipped,Skipped,Skipped,Skipped,Skipped,Skipped,Skipped,Skipped,Skipped,Skipped,Skipped,Skipped,Skipped,Skipped,Skipped,Skipped,Skipped,Skipped,Skipped,Skipped,Skipped,Skipped,,
20,8,7,12,31,24,26,13,21,9,30,17,18,5,19,29,1,23,22,27,11,4,15,3,14,2,10,16,6,25,28,,
Skipped,Skipped,Skipped,Skipped,Skipped,Skipped,Skipped,Skipped,Skipped,Skipped,Skipped,Skipped,Skipped,Skipped,Skipped,Skipped,1,Skipped,Skipped,Skipped,Skipped,Skipped,Skipped,Skipped,Skipped,Skipped,Skipped,Skipped,Skipped,Skipped,Skipped,,
Skipped,Skipped,Skipped,Skipped,Skipped,Skipped,Skipped,Skipped,Skipped,Skipped,Skipped,Skipped,Skipped,Skipped,Skipped,Skipped,Skipped,Skipped,Skipped,Skipped,Skipped,Skipped,Skipped,Skipped,Skipped,Skipped,Skipped,Skipped,Skipped,Skipped,Skipped,,
Skipped,Skipped,Skipped,Skipped,Skipped,Skipped,Skipped,Skipped,Skipped,Skipped,Skipped,31,Skipped,Skipped,Skipped,Skipped,Skipped,Skipped,Skipped,Skipped,Skipped,1,Skipped,Skipped,Skipped,Skipped,Skipped,Skipped,Skipped,Skipped,Skipped,,
Skipped,Skipped,Skipped,11,Skipped,Skipped,Skipped,Skipped,Skipped,10,5,Skipped,Skipped,2,3,Skipped,4,9,Skipped,Skipped,12,Skipped,7,Skipped,Skipped,6,8,Skipped,1,Skipped,Skipped,,
Skipped,2,31,Skipped,Skipped,Skipped,Skipped,Skipped,Skipped,Skipped,Skipped,Skipped,Skipped,Skipped,Skipped,Skipped,Skipped,Skipped,Skipped,Skipped,Skipped,Skipped,Skipped,1,Skipped,Skipped,Skipped,Skipped,Skipped,Skipped,Skipped,,
Skipped,Skipped,5,7,Skipped,Skipped,Skipped,Skipped,Skipped,Skipped,Skipped,27,Skipped,4,30,Skipped,3,2,Skipped,Skipped,6,1,31,Skipped,Skipped,Skipped,Skipped,28,Skipped,Skipped,29,,
30,26,3,21,8,11,28,20,12,24,16,19,10,6,1,13,2,5,14,18,29,23,31,22,17,15,7,9,4,25,27,,
20,13,20,12,28,12,27,5,27,24,31,14,12,20,4,3,27,21,24,7,30,20,29,2,12,6,12,20,1,20,27,,
Skipped,Skipped,6,Skipped,7,Skipped,Skipped,Skipped,Skipped,Skipped,Skipped,Skipped,Skipped,2,Skipped,Skipped,1,9,8,Skipped,3,Skipped,4,Skipped,Skipped,Skipped,Skipped,Skipped,Skipped,Skipped,5,,
Skipped,Skipped,1,Skipped,Skipped,Skipped,Skipped,Skipped,Skipped,Skipped,Skipped,Skipped,Skipped,Skipped,Skipped,Skipped,Skipped,Skipped,Skipped,Skipped,Skipped,Skipped,Skipped,Skipped,Skipped,Skipped,Skipped,Skipped,2,Skipped,Skipped,,
16,Skipped,3,12,29,10,22,14,20,2,18,25,27,17,21,4,9,Skipped,24,15,13,11,19,5,6,8,7,28,1,23,26,,
Skipped,Skipped,1,Skipped,Skipped,Skipped,Skipped,Skipped,Skipped,Skipped,Skipped,Skipped,Skipped,2,3,Skipped,Skipped,Skipped,Skipped,Skipped,Skipped,Skipped,Skipped,Skipped,Skipped,Skipped,Skipped,Skipped,Skipped,Skipped,Skipped,,
12,Skipped,3,Skipped,8,Skipped,Skipped,5,13,Skipped,14,Skipped,Skipped,6,4,15,2,Skipped,Skipped,Skipped,Skipped,Skipped,11,Skipped,10,7,9,Skipped,1,Skipped,16,,
Skipped,Skipped,2,Skipped,3,Skipped,Skipped,Skipped,Skipped,Skipped,5,Skipped,Skipped,9,1,6,Skipped,Skipped,Skipped,Skipped,Skipped,Skipped,7,Skipped,Skipped,Skipped,Skipped,Skipped,Skipped,Skipped,8,,
10,Skipped,16,Skipped,9,Skipped,Skipped,5,17,3,31,Skipped,Skipped,6,14,13,7,19,11,Skipped,Skipped,Skipped,12,4,8,15,2,Skipped,1,Skipped,18,,
13,15,1,Skipped,Skipped,8,20,Skipped,22,Skipped,Skipped,20,Skipped,12,4,5,7,14,19,Skipped,18,10,16,3,6,2,11,Skipped,9,Skipped,17,,
14,8,6,18,16,Skipped,29,17,13,10,30,25,23,2,21,7,4,20,12,15,25,29,20,5,11,3,9,20,1,19,26,,
Skipped,30,Skipped,Skipped,Skipped,Skipped,Skipped,Skipped,Skipped,Skipped,Skipped,Skipped,Skipped,31,1,28,27,2,Skipped,Skipped,Skipped,Skipped,3,Skipped,Skipped,Skipped,Skipped,Skipped,26,29,Skipped,,
5,3,1,15,Skipped,Skipped,20,17,9,Skipped,Skipped,10,Skipped,Skipped,13,18,23,8,12,Skipped,14,11,19,16,Skipped,6,4,Skipped,2,Skipped,7,,
Skipped,Skipped,6,Skipped,7,Skipped,Skipped,4,Skipped,Skipped,Skipped,Skipped,Skipped,5,Skipped,3,9,10,Skipped,Skipped,Skipped,8,Skipped,Skipped,Skipped,1,Skipped,Skipped,2,Skipped,Skipped,,
11,17,13,2,31,24,26,27,12,4,23,1,25,20,16,22,29,9,18,28,7,5,21,14,6,8,3,10,19,30,15,,
5,Skipped,1,20,11,15,22,3,8,4,14,25,Skipped,10,17,7,6,Skipped,23,13,21,Skipped,Skipped,2,16,9,19,24,12,Skipped,18,,
Skipped,Skipped,Skipped,Skipped,Skipped,Skipped,Skipped,Skipped,Skipped,Skipped,Skipped,1,Skipped,Skipped,Skipped,Skipped,Skipped,Skipped,Skipped,Skipped,Skipped,Skipped,Skipped,Skipped,Skipped,Skipped,Skipped,Skipped,Skipped,Skipped,Skipped,,
Skipped,Skipped,Skipped,Skipped,Skipped,Skipped,Skipped,Skipped,Skipped,Skipped,Skipped,Skipped,Skipped,Skipped,Skipped,Skipped,Skipped,Skipped,Skipped,Skipped,Skipped,Skipped,Skipped,Skipped,Skipped,Skipped,Skipped,Skipped,Skipped,Skipped,Skipped,,
Skipped,Skipped,Skipped,Skipped,Skipped,Skipped,Skipped,Skipped,Skipped,Skipped,Skipped,Skipped,Skipped,Skipped,Skipped,1,Skipped,Skipped,Skipped,Skipped,Skipped,Skipped,Skipped,Skipped,Skipped,Skipped,Skipped,Skipped,Skipped,Skipped,Skipped,,
25,2,5,8,27,15,29,19,26,20,30,14,23,18,11,6,4,7,9,16,17,1,21,3,13,24,10,12,22,28,31,,
14,25,10,Skipped,31,25,15,7,Skipped,8,26,25,25,25,4,5,Skipped,1,25,25,25,6,14,9,25,2,3,14,25,25,14,,
4,Skipped,3,Skipped,9,Skipped,Skipped,Skipped,11,2,12,Skipped,Skipped,Skipped,7,Skipped,Skipped,14,Skipped,Skipped,Skipped,Skipped,5,13,8,1,Skipped,Skipped,6,Skipped,10,,
23,3,7,27,30,12,22,16,9,29,16,12,29,24,19,5,27,2,16,13,21,20,17,1,4,29,6,9,27,10,31,,
10,31,2,31,31,31,31,31,31,8,31,9,31,4,7,5,6,31,31,31,31,31,31,11,31,1,31,31,3,31,31,,
9,27,18,1,19,11,22,3,8,4,26,16,23,24,5,13,25,20,10,28,15,14,31,29,7,2,12,17,6,21,30,,
Skipped,Skipped,Skipped,Skipped,Skipped,Skipped,Skipped,Skipped,Skipped,Skipped,Skipped,Skipped,Skipped,Skipped,Skipped,Skipped,Skipped,Skipped,Skipped,Skipped,Skipped,Skipped,Skipped,Skipped,Skipped,2,Skipped,Skipped,1,Skipped,Skipped,,
Skipped,Skipped,8,Skipped,10,Skipped,21,3,7,4,14,Skipped,Skipped,Skipped,Skipped,5,Skipped,9,12,Skipped,11,2,15,Skipped,Skipped,6,Skipped,Skipped,1,Skipped,18,,
Skipped,Skipped,Skipped,Skipped,Skipped,Skipped,Skipped,Skipped,1,Skipped,Skipped,Skipped,Skipped,Skipped,2,Skipped,Skipped,3,Skipped,Skipped,Skipped,Skipped,Skipped,Skipped,Skipped,Skipped,Skipped,Skipped,Skipped,Skipped,Skipped,,
17,14,5,20,26,4,29,16,8,1,24,19,31,7,12,9,6,30,15,25,21,22,13,3,11,10,18,27,2,28,23,,
23,1,16,20,30,7,9,14,27,11,28,18,Skipped,3,17,5,21,29,22,15,19,8,10,4,24,25,6,31,2,Skipped,26,,
22,24,4,9,27,5,17,1,23,6,28,12,29,2,21,18,8,25,30,10,26,11,13,3,20,16,19,31,7,14,15,,
Skipped,Skipped,14,14,14,Skipped,16,Skipped,14,Skipped,Skipped,14,15,14,Skipped,Skipped,14,17,14,Skipped,Skipped,Skipped,Skipped,14,14,14,14,Skipped,1,14,Skipped,,
Skipped,Skipped,Skipped,Skipped,Skipped,Skipped,Skipped,Skipped,Skipped,Skipped,Skipped,Skipped,Skipped,Skipped,3,1,4,Skipped,Skipped,Skipped,Skipped,Skipped,2,Skipped,Skipped,Skipped,Skipped,Skipped,Skipped,Skipped,Skipped,,
Skipped,Skipped,Skipped,Skipped,Skipped,Skipped,Skipped,Skipped,Skipped,Skipped,Skipped,Skipped,Skipped,Skipped,Skipped,Skipped,Skipped,Skipped,Skipped,Skipped,Skipped,Skipped,Skipped,Skipped,Skipped,Skipped,Skipped,Skipped,Skipped,Skipped,Skipped,,
Skipped,Skipped,Skipped,Skipped,Skipped,Skipped,Skipped,Skipped,Skipped,Skipped,Skipped,Skipped,Skipped,Skipped,Skipped,Skipped,Skipped,Skipped,Skipped,Skipped,Skipped,Skipped,Skipped,Skipped,Skipped,Skipped,Skipped,Skipped,Skipped,Skipped,Skipped,,
7,12,1,Skipped,20,Skipped,19,Skipped,15,4,17,Skipped,Skipped,9,14,6,2,10,Skipped,Skipped,Skipped,Skipped,18,13,8,5,11,Skipped,3,Skipped,16,,
12,24,20,25,31,29,26,10,6,4,8,11,18,19,21,2,13,1,15,27,23,14,22,3,5,9,30,17,7,28,16,,
23,10,5,17,22,16,28,11,24,30,19,7,14,18,26,3,8,1,21,9,6,4,31,12,20,29,27,13,2,25,15,,
Skipped,10,4,Skipped,Skipped,Skipped,Skipped,Skipped,Skipped,6,Skipped,Skipped,Skipped,8,Skipped,7,1,Skipped,Skipped,Skipped,Skipped,5,Skipped,3,Skipped,9,Skipped,Skipped,2,Skipped,Skipped,,
12,8,Skipped,Skipped,Skipped,Skipped,11,Skipped,13,Skipped,9,Skipped,Skipped,6,4,1,7,5,Skipped,Skipped,Skipped,Skipped,10,Skipped,Skipped,3,Skipped,Skipped,2,Skipped,Skipped,,
5,7,2,21,23,1,30,9,12,26,29,19,20,3,15,4,14,28,27,13,16,8,11,6,22,10,17,18,24,31,25,,
Skipped,Skipped,Skipped,Skipped,Skipped,Skipped,Skipped,Skipped,Skipped,Skipped,Skipped,Skipped,Skipped,Skipped,3,2,Skipped,Skipped,Skipped,Skipped,Skipped,Skipped,4,Skipped,Skipped,Skipped,Skipped,Skipped,1,Skipped,Skipped,,
14,9,2,Skipped,16,Skipped,Skipped,Skipped,19,6,15,Skipped,Skipped,13,11,10,3,7,Skipped,Skipped,Skipped,8,18,1,Skipped,4,12,Skipped,5,Skipped,17,,
4,Skipped,5,Skipped,16,Skipped,Skipped,Skipped,14,8,10,Skipped,Skipped,15,11,1,3,Skipped,Skipped,Skipped,Skipped,Skipped,9,6,13,2,7,Skipped,12,Skipped,Skipped,,
5,17,1,20,19,27,25,21,31,29,18,14,13,3,12,30,26,10,11,28,9,24,6,16,22,8,7,15,2,23,4,,
Skipped,Skipped,2,Skipped,Skipped,Skipped,Skipped,Skipped,Skipped,Skipped,Skipped,Skipped,22,Skipped,Skipped,Skipped,Skipped,Skipped,Skipped,Skipped,7,1,Skipped,5,4,2,3,Skipped,Skipped,Skipped,Skipped,,
8,Skipped,Skipped,4,Skipped,Skipped,Skipped,6,Skipped,5,Skipped,Skipped,31,7,21,Skipped,Skipped,19,Skipped,30,Skipped,Skipped,Skipped,Skipped,Skipped,Skipped,3,2,1,Skipped,Skipped,,
Skipped,Skipped,Skipped,Skipped,Skipped,Skipped,Skipped,Skipped,Skipped,Skipped,Skipped,Skipped,Skipped,Skipped,Skipped,Skipped,Skipped,Skipped,Skipped,Skipped,Skipped,Skipped,Skipped,Skipped,Skipped,Skipped,Skipped,Skipped,Skipped,Skipped,Skipped,,
Skipped,Skipped,1,Skipped,Skipped,Skipped,Skipped,Skipped,Skipped,Skipped,Skipped,Skipped,Skipped,Skipped,Skipped,Skipped,Skipped,Skipped,Skipped,Skipped,Skipped,Skipped,Skipped,Skipped,Skipped,Skipped,Skipped,Skipped,Skipped,Skipped,Skipped,,
12,Skipped,3,Skipped,19,17,Skipped,Skipped,8,Skipped,10,Skipped,Skipped,11,5,21,7,Skipped,9,Skipped,17,Skipped,20,1,17,6,2,13,4,Skipped,18,,
Skipped,Skipped,Skipped,Skipped,Skipped,Skipped,Skipped,Skipped,Skipped,Skipped,Skipped,Skipped,Skipped,Skipped,Skipped,Skipped,Skipped,Skipped,Skipped,Skipped,Skipped,Skipped,Skipped,Skipped,Skipped,Skipped,Skipped,Skipped,Skipped,Skipped,Skipped,,
Skipped,Skipped,Skipped,Skipped,Skipped,Skipped,Skipped,Skipped,Skipped,Skipped,Skipped,Skipped,Skipped,Skipped,Skipped,Skipped,Skipped,1,Skipped,Skipped,Skipped,Skipped,Skipped,Skipped,Skipped,Skipped,Skipped,Skipped,Skipped,Skipped,Skipped,,
15,21,3,Skipped,20,Skipped,14,Skipped,17,8,24,Skipped,Skipped,9,11,2,4,16,5,18,Skipped,12,13,7,22,6,10,23,1,Skipped,19,,
Skipped,Skipped,2,Skipped,Skipped,Skipped,Skipped,Skipped,Skipped,Skipped,31,Skipped,Skipped,5,3,4,1,Skipped,Skipped,Skipped,Skipped,Skipped,30,Skipped,Skipped,Skipped,Skipped,Skipped,6,Skipped,29,,
20,13,1,10,31,17,23,19,21,6,29,27,25,30,8,12,1,24,15,16,11,9,18,5,14,3,7,26,4,22,28,,
3,20,9,16,29,23,25,4,26,8,31,15,28,6,12,3,19,21,22,17,7,5,18,14,11,13,10,27,1,30,24,,
7,Skipped,1,18,6,Skipped,21,3,22,11,17,Skipped,Skipped,24,15,4,Skipped,11,Skipped,5,Skipped,20,11,14,23,14,5,16,16,2,12,,
18,23,1,Skipped,17,21,23,Skipped,10,6,15,13,Skipped,9,11,12,4,22,21,Skipped,Skipped,19,5,7,8,3,20,14,2,Skipped,16,,
10,4,6,Skipped,11,1,Skipped,Skipped,11,11,29,Skipped,Skipped,2,8,11,11,9,11,7,11,11,27,3,Skipped,12,5,11,30,Skipped,31,,
Skipped,Skipped,1,Skipped,10,Skipped,Skipped,Skipped,Skipped,Skipped,Skipped,11,9,Skipped,Skipped,9,Skipped,12,Skipped,9,9,9,Skipped,9,9,Skipped,Skipped,Skipped,Skipped,11,Skipped,,
Skipped,Skipped,3,Skipped,Skipped,Skipped,Skipped,Skipped,Skipped,1,Skipped,Skipped,Skipped,Skipped,Skipped,Skipped,Skipped,Skipped,Skipped,Skipped,Skipped,Skipped,Skipped,4,5,2,Skipped,Skipped,Skipped,Skipped,Skipped,,
Skipped,Skipped,Skipped,1,Skipped,Skipped,Skipped,4,Skipped,2,Skipped,Skipped,Skipped,Skipped,Skipped,Skipped,Skipped,3,Skipped,Skipped,7,6,Skipped,Skipped,Skipped,Skipped,5,Skipped,Skipped,Skipped,Skipped,,
Skipped,Skipped,Skipped,Skipped,Skipped,Skipped,Skipped,Skipped,Skipped,Skipped,Skipped,Skipped,Skipped,Skipped,Skipped,Skipped,Skipped,Skipped,Skipped,Skipped,Skipped,Skipped,Skipped,Skipped,Skipped,Skipped,Skipped,Skipped,Skipped,Skipped,Skipped,,
Skipped,Skipped,Skipped,Skipped,Skipped,Skipped,Skipped,Skipped,Skipped,Skipped,Skipped,Skipped,Skipped,Skipped,Skipped,Skipped,Skipped,Skipped,Skipped,Skipped,Skipped,Skipped,Skipped,Skipped,Skipped,Skipped,Skipped,Skipped,Skipped,Skipped,Skipped,,
3,1,6,11,30,15,27,8,28,12,31,25,25,17,15,25,25,5,10,13,14,7,26,4,2,9,16,25,25,29,25,,
13,19,4,Skipped,20,15,Skipped,8,Skipped,3,11,Skipped,Skipped,17,7,12,10,Skipped,9,16,Skipped,Skipped,14,1,18,6,5,Skipped,2,Skipped,Skipped,,
Skipped,Skipped,Skipped,Skipped,30,Skipped,Skipped,5,Skipped,Skipped,31,Skipped,Skipped,Skipped,Skipped,Skipped,3,6,Skipped,Skipped,Skipped,2,Skipped,Skipped,Skipped,Skipped,Skipped,Skipped,1,Skipped,29,,
Skipped,Skipped,Skipped,Skipped,Skipped,Skipped,Skipped,Skipped,Skipped,Skipped,Skipped,Skipped,Skipped,Skipped,Skipped,Skipped,Skipped,Skipped,Skipped,Skipped,Skipped,Skipped,Skipped,Skipped,Skipped,Skipped,Skipped,Skipped,Skipped,Skipped,Skipped,,
Skipped,Skipped,Skipped,Skipped,Skipped,Skipped,Skipped,Skipped,Skipped,Skipped,Skipped,Skipped,Skipped,Skipped,Skipped,Skipped,Skipped,Skipped,Skipped,Skipped,Skipped,Skipped,Skipped,Skipped,Skipped,Skipped,Skipped,Skipped,Skipped,Skipped,Skipped,,
10,Skipped,2,Skipped,Skipped,Skipped,Skipped,Skipped,Skipped,Skipped,31,Skipped,Skipped,4,9,6,3,Skipped,Skipped,Skipped,Skipped,Skipped,5,8,Skipped,11,Skipped,Skipped,1,Skipped,7,,
14,10,1,6,20,15,31,11,29,25,30,18,17,16,24,7,3,4,12,22,13,9,26,2,8,27,21,19,5,28,23,,
4,30,2,13,29,15,19,1,24,10,5,25,28,11,18,26,22,8,16,21,14,23,27,7,9,3,12,30,6,17,20,,
18,Skipped,3,Skipped,Skipped,14,15,Skipped,17,7,Skipped,Skipped,16,10,9,8,5,2,Skipped,14,Skipped,Skipped,4,6,18,Skipped,Skipped,13,1,Skipped,12,,
14,16,4,Skipped,12,7,17,Skipped,6,Skipped,30,Skipped,Skipped,6,9,2,3,5,Skipped,Skipped,Skipped,Skipped,18,11,10,15,13,Skipped,1,Skipped,31,,
Skipped,Skipped,1,Skipped,Skipped,Skipped,Skipped,Skipped,Skipped,Skipped,Skipped,Skipped,Skipped,Skipped,Skipped,Skipped,Skipped,Skipped,Skipped,Skipped,Skipped,Skipped,Skipped,Skipped,Skipped,Skipped,Skipped,Skipped,Skipped,Skipped,Skipped,,
Skipped,28,5,Skipped,Skipped,2,Skipped,Skipped,Skipped,29,Skipped,3,Skipped,Skipped,Skipped,Skipped,Skipped,1,Skipped,Skipped,4,Skipped,31,Skipped,30,Skipped,Skipped,Skipped,Skipped,Skipped,Skipped,,
Skipped,Skipped,Skipped,6,Skipped,Skipped,Skipped,3,Skipped,Skipped,8,Skipped,Skipped,Skipped,Skipped,7,Skipped,5,Skipped,Skipped,4,Skipped,2,Skipped,Skipped,Skipped,Skipped,Skipped,1,Skipped,Skipped,,
2,Skipped,3,Skipped,12,Skipped,Skipped,Skipped,16,8,14,Skipped,Skipped,Skipped,7,4,5,Skipped,1,Skipped,Skipped,Skipped,10,13,Skipped,9,Skipped,6,11,Skipped,15,,
30,23,1,19,21,7,28,15,31,14,6,20,17,18,11,2,3,13,8,24,16,27,4,22,12,10,9,26,5,25,29,,
8,7,5,4,16,17,12,27,30,22,31,13,22,11,23,6,10,1,24,14,3,9,21,18,19,16,15,26,2,29,26,,
7,Skipped,1,Skipped,Skipped,Skipped,Skipped,31,5,Skipped,Skipped,Skipped,Skipped,6,4,8,9,2,Skipped,Skipped,Skipped,Skipped,10,3,Skipped,Skipped,Skipped,Skipped,11,Skipped,Skipped,,
12,20,18,25,14,21,24,17,6,16,31,26,23,1,19,15,3,4,7,11,10,13,27,5,22,8,9,28,2,29,30,,
15,10,4,24,29,Skipped,21,11,20,5,28,2,22,26,19,18,7,12,13,Skipped,23,3,9,1,16,14,8,17,6,25,27,,
Skipped,2,Skipped,Skipped,Skipped,4,6,Skipped,Skipped,Skipped,2,Skipped,Skipped,2,5,7,1,8,Skipped,Skipped,Skipped,Skipped,3,Skipped,Skipped,Skipped,Skipped,Skipped,2,Skipped,Skipped,,
7,Skipped,Skipped,3,5,Skipped,Skipped,9,4,16,Skipped,8,Skipped,Skipped,6,Skipped,Skipped,Skipped,13,Skipped,10,15,11,12,2,14,1,17,Skipped,Skipped,Skipped,,
19,16,7,20,17,11,4,3,31,24,13,2,6,30,25,9,1,21,29,10,12,5,14,26,23,8,18,28,15,27,22,,
Skipped,Skipped,4,Skipped,Skipped,Skipped,Skipped,Skipped,Skipped,5,Skipped,Skipped,Skipped,Skipped,Skipped,Skipped,2,Skipped,3,Skipped,Skipped,Skipped,Skipped,7,Skipped,Skipped,1,Skipped,6,Skipped,Skipped,,
Skipped,Skipped,1,Skipped,Skipped,Skipped,Skipped,Skipped,Skipped,Skipped,10,Skipped,Skipped,Skipped,Skipped,Skipped,Skipped,Skipped,Skipped,Skipped,Skipped,Skipped,Skipped,2,Skipped,Skipped,Skipped,Skipped,3,Skipped,Skipped,,
21,10,6,14,25,18,24,12,22,1,31,20,23,30,13,16,3,7,27,29,19,5,15,4,11,9,8,17,2,28,26,,
Skipped,Skipped,1,Skipped,Skipped,Skipped,Skipped,6,Skipped,5,Skipped,Skipped,Skipped,Skipped,Skipped,Skipped,Skipped,Skipped,Skipped,Skipped,Skipped,Skipped,Skipped,2,Skipped,Skipped,Skipped,Skipped,Skipped,Skipped,Skipped,,
Skipped,Skipped,1,Skipped,22,11,14,16,12,9,Skipped,20,18,15,5,2,23,6,Skipped,17,16,13,4,Skipped,8,3,Skipped,19,10,Skipped,21,,
Skipped,13,3,8,Skipped,10,22,7,Skipped,20,17,10,Skipped,15,21,4,15,10,Skipped,12,Skipped,Skipped,15,5,9,2,6,Skipped,1,11,14,,
14,10,2,27,30,11,25,28,29,6,31,16,17,21,9,3,19,23,8,27,22,12,13,1,18,5,4,20,7,24,15,,
13,Skipped,5,14,27,Skipped,21,2,28,3,24,23,26,6,9,17,7,16,4,Skipped,18,15,20,10,11,12,1,25,8,22,19,,
Skipped,Skipped,5,Skipped,Skipped,Skipped,Skipped,Skipped,Skipped,6,4,Skipped,Skipped,Skipped,3,Skipped,Skipped,8,Skipped,Skipped,Skipped,Skipped,2,Skipped,Skipped,Skipped,Skipped,Skipped,1,Skipped,7,,
2,Skipped,3,9,Skipped,Skipped,Skipped,10,5,Skipped,Skipped,Skipped,Skipped,Skipped,Skipped,Skipped,1,Skipped,Skipped,Skipped,8,7,Skipped,6,4,Skipped,Skipped,Skipped,Skipped,Skipped,Skipped,,
7,22,4,13,20,14,17,5,8,10,29,26,27,31,18,30,6,23,2,21,28,24,15,9,12,3,1,25,11,16,19,,
16,19,17,8,29,7,23,1,18,Skipped,14,26,30,13,22,6,2,12,4,3,21,24,20,11,25,9,5,27,10,28,15,,
5,9,1,Skipped,17,4,Skipped,Skipped,22,8,19,Skipped,Skipped,10,21,12,2,18,13,16,Skipped,Skipped,6,3,15,14,7,Skipped,11,Skipped,20,,
Skipped,Skipped,Skipped,Skipped,Skipped,Skipped,3,Skipped,Skipped,Skipped,Skipped,Skipped,Skipped,Skipped,Skipped,1,Skipped,2,Skipped,Skipped,Skipped,Skipped,Skipped,Skipped,Skipped,Skipped,Skipped,Skipped,Skipped,Skipped,Skipped,,
8,12,1,9,29,22,Skipped,18,21,15,26,19,Skipped,6,13,11,7,3,17,23,14,20,16,4,5,25,10,Skipped,2,24,28,,
Skipped,Skipped,1,12,12,12,Skipped,12,13,12,12,Skipped,12,12,Skipped,Skipped,Skipped,Skipped,Skipped,12,Skipped,Skipped,12,12,Skipped,Skipped,Skipped,Skipped,Skipped,Skipped,Skipped,,
Skipped,Skipped,Skipped,Skipped,Skipped,Skipped,Skipped,Skipped,Skipped,Skipped,Skipped,Skipped,Skipped,Skipped,Skipped,Skipped,Skipped,Skipped,Skipped,Skipped,Skipped,Skipped,Skipped,Skipped,Skipped,Skipped,Skipped,Skipped,Skipped,Skipped,Skipped,,
Skipped,Skipped,1,7,Skipped,Skipped,Skipped,Skipped,Skipped,Skipped,Skipped,Skipped,Skipped,4,Skipped,3,2,Skipped,Skipped,Skipped,Skipped,Skipped,Skipped,6,Skipped,8,5,Skipped,Skipped,Skipped,Skipped,,
13,6,3,Skipped,Skipped,14,Skipped,Skipped,12,Skipped,17,Skipped,Skipped,7,8,5,11,16,Skipped,Skipped,Skipped,4,9,1,Skipped,10,22,Skipped,2,Skipped,15,,
13,2,4,18,28,14,15,11,30,6,27,26,25,19,7,10,12,21,3,31,9,16,24,5,23,8,22,20,1,17,29,,
14,4,2,Skipped,15,13,23,Skipped,9,Skipped,17,Skipped,Skipped,10,5,7,16,22,Skipped,19,20,18,11,3,8,6,12,Skipped,1,Skipped,21,,
12,Skipped,1,Skipped,25,22,Skipped,16,9,13,23,17,14,6,8,2,3,22,15,24,Skipped,Skipped,22,4,14,10,22,12,5,24,7,,
5,20,7,10,29,27,25,14,31,19,26,9,22,18,12,13,6,8,1,23,11,21,24,3,15,4,17,16,2,30,28,,
Skipped,Skipped,Skipped,Skipped,Skipped,Skipped,Skipped,Skipped,Skipped,Skipped,5,Skipped,Skipped,3,2,Skipped,4,Skipped,Skipped,Skipped,Skipped,Skipped,6,Skipped,Skipped,Skipped,Skipped,Skipped,1,Skipped,Skipped,,
Skipped,Skipped,Skipped,Skipped,Skipped,Skipped,Skipped,Skipped,Skipped,Skipped,Skipped,Skipped,Skipped,Skipped,1,Skipped,Skipped,Skipped,Skipped,Skipped,Skipped,Skipped,Skipped,Skipped,Skipped,Skipped,Skipped,Skipped,Skipped,Skipped,Skipped,,
Skipped,Skipped,Skipped,Skipped,Skipped,Skipped,Skipped,2,Skipped,Skipped,Skipped,Skipped,Skipped,Skipped,Skipped,3,Skipped,4,Skipped,Skipped,1,Skipped,Skipped,Skipped,Skipped,Skipped,5,Skipped,Skipped,Skipped,Skipped,,
11,Skipped,4,8,31,14,Skipped,2,18,Skipped,15,Skipped,30,Skipped,Skipped,10,1,9,5,12,Skipped,13,16,3,Skipped,24,6,Skipped,7,Skipped,17,,
Skipped,Skipped,3,11,13,Skipped,Skipped,5,15,10,Skipped,8,18,Skipped,Skipped,Skipped,2,Skipped,17,16,12,7,Skipped,6,14,1,9,19,4,Skipped,Skipped,,
Skipped,Skipped,1,Skipped,Skipped,Skipped,Skipped,Skipped,Skipped,3,Skipped,Skipped,Skipped,Skipped,4,Skipped,Skipped,2,Skipped,Skipped,Skipped,Skipped,5,Skipped,Skipped,Skipped,Skipped,6,Skipped,Skipped,7,,
Skipped,Skipped,Skipped,Skipped,Skipped,Skipped,14,1,13,7,16,Skipped,Skipped,12,5,6,Skipped,Skipped,Skipped,Skipped,Skipped,10,8,2,11,3,9,Skipped,4,15,Skipped,,
Skipped,Skipped,Skipped,3,Skipped,Skipped,Skipped,Skipped,Skipped,Skipped,2,5,4,Skipped,Skipped,4,Skipped,Skipped,Skipped,Skipped,1,Skipped,Skipped,Skipped,Skipped,Skipped,Skipped,6,Skipped,Skipped,Skipped,,
17,14,19,1,28,23,25,7,12,22,24,13,9,31,16,20,2,30,27,15,6,29,18,26,21,5,4,8,10,11,3,,
26,Skipped,2,Skipped,9,Skipped,Skipped,31,5,6,30,28,Skipped,27,Skipped,25,29,Skipped,Skipped,7,24,4,8,12,11,3,1,Skipped,29,23,10,,
3,Skipped,11,Skipped,Skipped,Skipped,Skipped,Skipped,8,Skipped,Skipped,Skipped,Skipped,6,9,Skipped,Skipped,Skipped,7,Skipped,Skipped,Skipped,Skipped,5,Skipped,4,2,Skipped,10,Skipped,Skipped,,
Skipped,Skipped,Skipped,Skipped,Skipped,Skipped,Skipped,Skipped,Skipped,Skipped,Skipped,Skipped,Skipped,Skipped,Skipped,Skipped,Skipped,1,Skipped,Skipped,Skipped,Skipped,Skipped,Skipped,Skipped,Skipped,Skipped,Skipped,Skipped,Skipped,Skipped,,
16,24,4,21,14,23,Skipped,Skipped,18,15,12,22,Skipped,7,8,11,1,Skipped,6,Skipped,Skipped,Skipped,13,3,9,5,10,17,2,20,19,,
Skipped,2,Skipped,Skipped,Skipped,Skipped,Skipped,Skipped,Skipped,Skipped,Skipped,Skipped,Skipped,Skipped,Skipped,Skipped,1,Skipped,Skipped,Skipped,Skipped,Skipped,Skipped,Skipped,Skipped,Skipped,Skipped,Skipped,3,Skipped,Skipped,,
Skipped,Skipped,Skipped,Skipped,Skipped,1,Skipped,Skipped,Skipped,Skipped,Skipped,Skipped,Skipped,Skipped,Skipped,Skipped,Skipped,Skipped,Skipped,Skipped,Skipped,Skipped,Skipped,Skipped,Skipped,Skipped,Skipped,Skipped,Skipped,Skipped,Skipped,,
14,23,3,9,Skipped,22,17,5,18,22,6,Skipped,21,10,8,22,Skipped,1,7,Skipped,12,2,20,4,11,15,13,Skipped,22,19,16,,
4,Skipped,3,5,6,Skipped,Skipped,4,5,1,7,6,6,5,5,4,4,Skipped,5,Skipped,5,7,6,2,7,5,5,5,3,Skipped,5,,
14,29,8,30,19,7,12,20,15,5,27,23,24,9,6,10,2,22,17,18,21,28,13,3,16,1,4,31,11,26,25,,
18,30,2,11,31,30,30,7,22,5,20,23,24,15,12,6,3,9,14,30,13,10,21,4,17,16,8,25,1,30,19,,
Skipped,Skipped,Skipped,Skipped,Skipped,Skipped,Skipped,Skipped,Skipped,Skipped,Skipped,Skipped,Skipped,Skipped,Skipped,Skipped,1,Skipped,Skipped,Skipped,Skipped,2,Skipped,Skipped,Skipped,Skipped,Skipped,Skipped,Skipped,Skipped,Skipped,,
7,21,31,24,14,12,16,22,3,15,29,27,26,4,18,1,19,30,13,10,23,17,2,6,20,25,11,28,9,8,5,,
Skipped,Skipped,Skipped,Skipped,Skipped,Skipped,Skipped,Skipped,Skipped,Skipped,Skipped,Skipped,Skipped,Skipped,Skipped,Skipped,Skipped,Skipped,Skipped,Skipped,Skipped,Skipped,Skipped,Skipped,Skipped,Skipped,Skipped,Skipped,Skipped,Skipped,Skipped,,
3,1,5,15,31,7,23,18,6,20,30,22,28,17,21,10,8,10,16,19,14,12,9,2,26,13,11,27,4,24,29,,
Skipped,Skipped,Skipped,Skipped,Skipped,Skipped,Skipped,Skipped,Skipped,Skipped,Skipped,Skipped,Skipped,Skipped,Skipped,Skipped,Skipped,Skipped,Skipped,Skipped,Skipped,Skipped,Skipped,1,Skipped,Skipped,Skipped,Skipped,Skipped,Skipped,Skipped,,
7,11,3,12,24,5,Skipped,Skipped,8,18,17,Skipped,Skipped,19,9,14,4,6,20,Skipped,15,2,21,16,10,13,1,Skipped,22,Skipped,23,,
20,3,4,Skipped,31,12,26,17,22,2,Skipped,Skipped,Skipped,9,10,5,16,Skipped,6,14,Skipped,8,30,Skipped,Skipped,7,Skipped,Skipped,1,27,Skipped,,
21,18,4,20,22,6,25,1,30,31,26,13,25,25,17,2,9,27,15,10,12,7,28,3,5,16,8,19,29,14,11,,
Skipped,Skipped,3,Skipped,Skipped,Skipped,Skipped,Skipped,6,Skipped,Skipped,Skipped,Skipped,Skipped,Skipped,Skipped,Skipped,Skipped,4,Skipped,Skipped,Skipped,5,2,Skipped,8,Skipped,9,1,Skipped,7,,
Skipped,Skipped,Skipped,1,Skipped,Skipped,Skipped,Skipped,Skipped,Skipped,Skipped,Skipped,Skipped,Skipped,3,Skipped,Skipped,Skipped,Skipped,Skipped,Skipped,Skipped,Skipped,Skipped,Skipped,Skipped,2,Skipped,Skipped,Skipped,Skipped,,
5,22,2,22,4,22,22,22,8,Skipped,31,22,22,7,9,3,22,22,Skipped,22,22,22,6,22,22,22,Skipped,22,1,Skipped,22,,
7,11,1,Skipped,18,8,Skipped,Skipped,15,4,20,Skipped,Skipped,10,Skipped,12,6,Skipped,9,Skipped,Skipped,13,17,3,14,5,Skipped,16,2,Skipped,19,,
2,Skipped,7,Skipped,Skipped,Skipped,Skipped,Skipped,4,5,10,Skipped,Skipped,8,Skipped,3,Skipped,1,Skipped,Skipped,Skipped,Skipped,Skipped,Skipped,11,Skipped,Skipped,Skipped,6,Skipped,9,,
11,Skipped,1,3,18,Skipped,Skipped,15,13,2,31,Skipped,Skipped,14,17,12,10,Skipped,19,Skipped,8,Skipped,4,5,Skipped,7,Skipped,Skipped,6,16,9,,
20,10,9,14,13,21,18,27,12,5,17,29,23,25,11,7,3,28,4,24,15,19,6,2,26,1,22,30,8,16,31,,
12,5,1,20,28,9,23,19,17,24,27,29,30,7,10,4,2,16,8,15,21,13,14,18,26,6,11,31,3,22,25,,
25,20,3,10,14,17,10,4,22,25,14,25,17,19,2,1,10,17,10,21,22,14,Skipped,10,10,27,4,14,27,Skipped,Skipped,,
Skipped,Skipped,3,7,Skipped,Skipped,Skipped,6,Skipped,Skipped,Skipped,Skipped,Skipped,Skipped,Skipped,Skipped,2,Skipped,Skipped,Skipped,Skipped,5,Skipped,1,4,Skipped,Skipped,Skipped,Skipped,Skipped,Skipped,,
Skipped,Skipped,4,Skipped,Skipped,Skipped,Skipped,Skipped,Skipped,Skipped,Skipped,Skipped,Skipped,Skipped,6,1,Skipped,3,Skipped,Skipped,2,Skipped,Skipped,Skipped,Skipped,5,Skipped,Skipped,Skipped,Skipped,Skipped,,
11,25,4,12,19,26,22,8,14,5,31,27,29,30,7,20,6,13,3,24,17,18,15,16,9,1,10,29,2,23,21,,
Skipped,Skipped,Skipped,Skipped,Skipped,Skipped,6,5,Skipped,1,Skipped,Skipped,Skipped,Skipped,4,Skipped,Skipped,3,Skipped,Skipped,Skipped,Skipped,2,Skipped,Skipped,Skipped,Skipped,Skipped,Skipped,Skipped,Skipped,,
14,15,13,8,17,26,24,21,12,2,10,20,18,6,7,1,9,27,Skipped,11,23,28,16,4,5,3,Skipped,19,22,25,Skipped,,
1,22,3,18,31,26,23,6,21,7,16,15,29,28,9,20,8,30,10,27,14,4,12,2,25,11,5,17,13,24,19,,
Skipped,Skipped,Skipped,Skipped,Skipped,Skipped,Skipped,Skipped,Skipped,Skipped,Skipped,Skipped,Skipped,Skipped,Skipped,Skipped,Skipped,Skipped,Skipped,Skipped,Skipped,2,Skipped,Skipped,Skipped,3,Skipped,Skipped,1,Skipped,Skipped,,
13,7,2,Skipped,16,3,Skipped,Skipped,14,4,17,Skipped,Skipped,10,11,15,8,5,6,Skipped,Skipped,Skipped,18,1,Skipped,12,9,Skipped,3,Skipped,19,,
Skipped,Skipped,1,Skipped,Skipped,3,Skipped,Skipped,Skipped,Skipped,Skipped,Skipped,Skipped,Skipped,Skipped,Skipped,Skipped,Skipped,Skipped,Skipped,Skipped,Skipped,Skipped,Skipped,Skipped,2,Skipped,Skipped,Skipped,Skipped,Skipped,,
10,Skipped,6,Skipped,Skipped,9,Skipped,Skipped,Skipped,Skipped,Skipped,Skipped,Skipped,Skipped,Skipped,4,7,8,Skipped,Skipped,Skipped,5,Skipped,Skipped,Skipped,2,3,Skipped,1,Skipped,Skipped,,
15,Skipped,4,3,20,Skipped,27,6,23,1,21,22,25,10,2,9,12,17,14,Skipped,19,18,26,11,16,7,5,13,8,28,24,,
9,Skipped,4,20,2,20,20,12,8,21,Skipped,Skipped,20,Skipped,11,1,20,20,Skipped,20,5,3,Skipped,Skipped,Skipped,10,7,20,Skipped,Skipped,6,,
19,Skipped,15,Skipped,20,Skipped,Skipped,9,8,17,21,11,13,14,13,7,4,Skipped,10,Skipped,Skipped,Skipped,5,1,6,16,3,12,2,Skipped,18,,
Skipped,Skipped,Skipped,Skipped,Skipped,Skipped,Skipped,Skipped,Skipped,Skipped,Skipped,Skipped,Skipped,Skipped,Skipped,Skipped,Skipped,Skipped,Skipped,Skipped,Skipped,Skipped,Skipped,Skipped,Skipped,Skipped,Skipped,Skipped,Skipped,Skipped,Skipped,,
13,6,1,Skipped,14,12,Skipped,Skipped,31,Skipped,Skipped,Skipped,Skipped,7,8,12,15,4,Skipped,5,Skipped,Skipped,10,3,Skipped,Skipped,Skipped,Skipped,2,Skipped,9,,
7,Skipped,3,Skipped,Skipped,Skipped,Skipped,Skipped,9,Skipped,Skipped,Skipped,Skipped,5,Skipped,6,2,Skipped,Skipped,Skipped,Skipped,Skipped,Skipped,Skipped,Skipped,4,Skipped,Skipped,1,Skipped,8,,
27,30,1,15,22,19,24,2,20,11,31,21,28,3,8,7,4,18,10,17,16,12,9,14,6,13,25,30,5,23,24,,
Skipped,Skipped,Skipped,Skipped,1,Skipped,Skipped,Skipped,Skipped,Skipped,Skipped,Skipped,Skipped,Skipped,Skipped,Skipped,Skipped,Skipped,Skipped,Skipped,Skipped,Skipped,Skipped,Skipped,Skipped,Skipped,Skipped,Skipped,Skipped,Skipped,Skipped,,
Skipped,Skipped,Skipped,Skipped,Skipped,Skipped,Skipped,Skipped,Skipped,Skipped,25,Skipped,Skipped,Skipped,7,2,Skipped,Skipped,Skipped,Skipped,Skipped,Skipped,4,Skipped,Skipped,Skipped,Skipped,Skipped,3,Skipped,Skipped,,
3,Skipped,9,9,10,14,12,Skipped,5,1,Skipped,14,18,6,8,2,Skipped,18,Skipped,Skipped,Skipped,Skipped,Skipped,11,14,Skipped,7,18,18,Skipped,14,,
20,16,4,11,30,17,19,13,21,18,31,25,24,22,10,8,3,2,6,23,12,5,29,15,14,9,7,26,1,27,28,,
8,Skipped,3,Skipped,11,7,Skipped,Skipped,9,Skipped,Skipped,Skipped,Skipped,13,Skipped,Skipped,1,Skipped,4,6,Skipped,Skipped,Skipped,2,5,31,Skipped,Skipped,12,Skipped,10,,
2,Skipped,3,Skipped,11,12,Skipped,Skipped,6,8,16,Skipped,Skipped,4,5,9,1,Skipped,Skipped,13,Skipped,Skipped,15,Skipped,Skipped,10,Skipped,Skipped,7,Skipped,14,,
Skipped,Skipped,Skipped,Skipped,Skipped,Skipped,Skipped,Skipped,Skipped,Skipped,Skipped,Skipped,Skipped,Skipped,Skipped,Skipped,Skipped,Skipped,Skipped,Skipped,Skipped,Skipped,Skipped,Skipped,2,Skipped,1,Skipped,Skipped,Skipped,Skipped,,
2,Skipped,5,Skipped,11,4,10,Skipped,Skipped,9,Skipped,Skipped,Skipped,Skipped,Skipped,Skipped,Skipped,1,Skipped,Skipped,Skipped,6,8,Skipped,Skipped,Skipped,Skipped,Skipped,3,7,Skipped,,
20,4,7,16,21,5,23,10,18,27,31,12,11,26,25,9,6,2,29,13,22,15,14,8,24,1,28,19,3,30,17,,
23,25,8,7,26,11,24,2,28,9,31,27,29,21,20,16,4,10,18,13,14,12,22,15,3,6,5,17,1,19,30,,
Skipped,14,1,3,14,Skipped,Skipped,14,Skipped,Skipped,8,Skipped,4,Skipped,Skipped,Skipped,14,8,Skipped,Skipped,8,Skipped,8,2,Skipped,Skipped,Skipped,14,Skipped,14,8,,
14,5,1,Skipped,12,Skipped,Skipped,Skipped,16,3,11,Skipped,Skipped,Skipped,4,2,7,Skipped,Skipped,Skipped,Skipped,Skipped,6,13,Skipped,9,10,Skipped,8,Skipped,15,,
9,Skipped,2,Skipped,7,Skipped,Skipped,Skipped,10,Skipped,Skipped,Skipped,Skipped,Skipped,5,4,1,Skipped,8,Skipped,Skipped,Skipped,Skipped,Skipped,Skipped,3,Skipped,Skipped,Skipped,Skipped,6,,
Skipped,6,Skipped,5,Skipped,Skipped,10,Skipped,Skipped,Skipped,2,10,Skipped,Skipped,Skipped,3,11,31,9,Skipped,Skipped,Skipped,1,Skipped,Skipped,Skipped,8,11,4,Skipped,7,,
23,11,8,6,2,12,19,3,15,18,16,21,31,7,4,5,25,13,26,27,10,17,9,20,30,24,28,21,1,30,14,,
23,22,2,6,26,8,27,4,29,24,13,12,10,17,25,31,19,1,21,14,7,11,9,15,16,5,18,20,3,30,28,,
20,5,1,19,30,9,21,3,23,13,24,26,27,6,10,25,2,17,16,31,18,7,8,4,14,12,11,29,15,29,22,,
30,Skipped,1,14,22,Skipped,Skipped,Skipped,26,5,29,11,Skipped,27,11,Skipped,9,10,4,Skipped,Skipped,Skipped,11,2,12,3,6,18,17,Skipped,16,,
4,Skipped,1,Skipped,5,Skipped,Skipped,Skipped,10,Skipped,8,Skipped,Skipped,Skipped,9,Skipped,3,Skipped,Skipped,Skipped,Skipped,Skipped,Skipped,2,Skipped,Skipped,Skipped,Skipped,7,Skipped,6,,
22,19,5,7,22,23,13,26,10,18,3,10,28,26,4,27,17,26,2,9,10,17,22,26,8,1,30,15,6,31,29,,
Skipped,Skipped,1,Skipped,Skipped,Skipped,Skipped,Skipped,Skipped,7,Skipped,Skipped,Skipped,Skipped,6,9,8,Skipped,Skipped,Skipped,Skipped,Skipped,11,2,Skipped,3,4,Skipped,5,Skipped,Skipped,,
24,26,1,9,28,4,31,3,22,20,11,23,27,25,21,6,8,2,13,16,5,15,7,10,19,18,12,17,14,29,30,,
22,16,17,8,30,9,24,7,21,2,23,28,29,11,5,26,6,25,12,19,15,13,10,4,18,1,3,27,14,20,31,,
7,Skipped,4,Skipped,17,Skipped,Skipped,Skipped,16,2,14,Skipped,Skipped,5,13,9,3,Skipped,8,Skipped,Skipped,Skipped,12,6,10,11,Skipped,Skipped,1,Skipped,15,,
Skipped,Skipped,3,Skipped,Skipped,Skipped,Skipped,Skipped,Skipped,Skipped,Skipped,Skipped,Skipped,Skipped,Skipped,6,4,Skipped,Skipped,Skipped,Skipped,Skipped,Skipped,1,Skipped,2,Skipped,Skipped,5,Skipped,Skipped,,
10,Skipped,1,13,24,8,Skipped,23,25,5,21,Skipped,Skipped,9,17,12,4,20,6,16,14,11,22,7,18,15,2,Skipped,3,Skipped,19,,
Skipped,Skipped,4,Skipped,12,11,Skipped,Skipped,9,Skipped,13,Skipped,Skipped,10,Skipped,5,1,7,18,17,Skipped,15,8,3,Skipped,6,16,Skipped,2,Skipped,14,,
Skipped,Skipped,Skipped,Skipped,Skipped,Skipped,Skipped,Skipped,Skipped,Skipped,6,Skipped,Skipped,Skipped,1,1,1,Skipped,Skipped,Skipped,Skipped,Skipped,2,Skipped,Skipped,Skipped,Skipped,Skipped,1,Skipped,Skipped,,
Skipped,Skipped,4,Skipped,31,Skipped,Skipped,Skipped,Skipped,Skipped,Skipped,Skipped,Skipped,Skipped,Skipped,Skipped,Skipped,Skipped,Skipped,Skipped,Skipped,Skipped,Skipped,2,Skipped,Skipped,1,Skipped,Skipped,Skipped,3,,
Skipped,3,Skipped,Skipped,Skipped,Skipped,Skipped,Skipped,Skipped,Skipped,Skipped,Skipped,Skipped,1,Skipped,Skipped,Skipped,Skipped,Skipped,Skipped,Skipped,Skipped,Skipped,Skipped,Skipped,Skipped,Skipped,Skipped,2,Skipped,Skipped,,
10,28,15,8,24,16,13,29,30,25,19,7,9,22,20,23,12,2,3,17,14,4,26,21,11,18,1,5,31,6,27,,
Skipped,Skipped,5,Skipped,3,Skipped,Skipped,6,Skipped,Skipped,2,Skipped,Skipped,Skipped,Skipped,31,Skipped,1,Skipped,Skipped,Skipped,Skipped,Skipped,Skipped,7,Skipped,Skipped,Skipped,Skipped,4,Skipped,,
16,16,4,10,23,10,Skipped,Skipped,10,6,11,Skipped,10,9,Skipped,5,2,16,7,23,Skipped,23,10,1,16,8,Skipped,Skipped,3,10,16,,
8,Skipped,3,Skipped,Skipped,Skipped,Skipped,Skipped,Skipped,Skipped,10,Skipped,Skipped,5,4,1,Skipped,Skipped,Skipped,Skipped,Skipped,Skipped,7,Skipped,Skipped,6,Skipped,Skipped,2,Skipped,9,,
Skipped,Skipped,Skipped,Skipped,Skipped,Skipped,Skipped,Skipped,Skipped,Skipped,Skipped,Skipped,Skipped,Skipped,Skipped,3,Skipped,1,Skipped,Skipped,Skipped,2,Skipped,Skipped,Skipped,Skipped,Skipped,Skipped,Skipped,Skipped,Skipped,,
11,2,3,13,30,4,19,18,5,10,31,25,24,16,9,14,20,29,28,21,8,22,23,1,17,6,12,26,7,15,27,,
Skipped,Skipped,1,12,21,8,Skipped,21,15,14,21,10,Skipped,17,7,Skipped,5,4,11,17,3,6,21,15,16,9,Skipped,Skipped,2,10,Skipped,,
11,10,1,Skipped,4,Skipped,Skipped,Skipped,12,Skipped,15,Skipped,Skipped,8,3,2,9,13,Skipped,Skipped,Skipped,Skipped,6,Skipped,Skipped,7,Skipped,Skipped,14,Skipped,5,,
Skipped,Skipped,Skipped,Skipped,Skipped,Skipped,Skipped,Skipped,Skipped,Skipped,Skipped,Skipped,Skipped,Skipped,Skipped,2,Skipped,Skipped,Skipped,Skipped,Skipped,Skipped,Skipped,Skipped,Skipped,Skipped,Skipped,Skipped,1,Skipped,Skipped,,
Skipped,Skipped,1,Skipped,Skipped,Skipped,Skipped,Skipped,Skipped,Skipped,Skipped,Skipped,Skipped,Skipped,Skipped,Skipped,Skipped,Skipped,Skipped,Skipped,Skipped,Skipped,Skipped,Skipped,Skipped,Skipped,Skipped,Skipped,Skipped,Skipped,Skipped,,
Skipped,Skipped,2,Skipped,Skipped,Skipped,Skipped,Skipped,Skipped,Skipped,Skipped,Skipped,Skipped,Skipped,Skipped,Skipped,Skipped,Skipped,Skipped,Skipped,Skipped,Skipped,Skipped,Skipped,3,Skipped,Skipped,Skipped,1,Skipped,Skipped,,
Skipped,Skipped,Skipped,Skipped,Skipped,Skipped,Skipped,Skipped,Skipped,Skipped,Skipped,Skipped,Skipped,Skipped,Skipped,Skipped,Skipped,Skipped,Skipped,Skipped,Skipped,Skipped,Skipped,Skipped,Skipped,Skipped,Skipped,Skipped,Skipped,Skipped,Skipped,,
8,28,2,7,6,11,25,3,20,26,23,29,30,18,9,12,28,22,21,28,4,10,7,28,31,18,18,20,1,19,14,,
8,Skipped,1,Skipped,6,Skipped,Skipped,Skipped,9,Skipped,30,Skipped,Skipped,10,31,5,2,Skipped,Skipped,Skipped,Skipped,Skipped,7,Skipped,Skipped,4,Skipped,Skipped,3,Skipped,Skipped,,
15,Skipped,2,Skipped,Skipped,1,9,5,Skipped,Skipped,Skipped,Skipped,Skipped,6,12,Skipped,Skipped,11,4,10,Skipped,14,13,7,8,Skipped,Skipped,Skipped,3,Skipped,Skipped,,
19,25,4,16,12,15,26,3,17,Skipped,13,24,29,9,11,10,7,27,8,23,20,30,18,2,22,1,5,21,6,28,14,,
17,6,15,16,12,5,29,3,23,11,22,26,28,2,4,20,9,27,Skipped,8,21,24,7,19,14,18,10,31,1,30,13,,
13,1,6,19,29,Skipped,27,7,21,3,30,23,25,20,17,10,5,11,18,16,14,12,26,2,15,8,9,24,4,28,22,,
25,Skipped,18,8,22,20,29,5,15,1,20,12,29,14,21,13,24,9,2,17,7,4,16,11,6,26,10,20,3,29,30,,
2,Skipped,3,Skipped,10,Skipped,Skipped,Skipped,8,Skipped,Skipped,Skipped,Skipped,Skipped,Skipped,Skipped,6,Skipped,4,Skipped,Skipped,Skipped,7,5,Skipped,1,Skipped,Skipped,Skipped,Skipped,9,,
Skipped,Skipped,2,Skipped,Skipped,Skipped,Skipped,31,Skipped,Skipped,Skipped,Skipped,31,Skipped,Skipped,Skipped,Skipped,1,Skipped,Skipped,Skipped,3,Skipped,Skipped,Skipped,Skipped,3,Skipped,Skipped,31,31,,
7,13,5,18,14,10,25,27,24,15,2,31,29,4,1,21,28,20,9,8,12,16,11,22,17,30,3,6,26,23,19,,
Skipped,Skipped,2,Skipped,Skipped,Skipped,Skipped,Skipped,Skipped,Skipped,Skipped,Skipped,Skipped,Skipped,Skipped,Skipped,Skipped,Skipped,Skipped,Skipped,Skipped,Skipped,Skipped,Skipped,Skipped,1,Skipped,Skipped,Skipped,Skipped,Skipped,,
Skipped,Skipped,1,8,Skipped,Skipped,Skipped,5,Skipped,Skipped,Skipped,6,11,Skipped,Skipped,Skipped,4,Skipped,Skipped,Skipped,7,3,Skipped,Skipped,9,Skipped,2,10,Skipped,Skipped,Skipped,,
Skipped,5,1,Skipped,Skipped,4,Skipped,Skipped,Skipped,2,Skipped,Skipped,Skipped,6,Skipped,Skipped,Skipped,Skipped,Skipped,Skipped,Skipped,Skipped,Skipped,3,Skipped,Skipped,Skipped,Skipped,Skipped,Skipped,Skipped,,
Skipped,Skipped,Skipped,Skipped,Skipped,Skipped,Skipped,Skipped,Skipped,Skipped,Skipped,Skipped,Skipped,Skipped,Skipped,Skipped,Skipped,Skipped,Skipped,Skipped,Skipped,Skipped,Skipped,Skipped,Skipped,Skipped,Skipped,Skipped,Skipped,Skipped,Skipped,,
17,11,4,9,18,14,30,6,23,13,29,25,26,27,1,16,2,3,22,19,10,5,28,7,20,13,15,24,8,31,21,,
Skipped,Skipped,Skipped,Skipped,Skipped,Skipped,Skipped,Skipped,Skipped,Skipped,Skipped,Skipped,Skipped,8,Skipped,3,Skipped,5,Skipped,Skipped,Skipped,6,Skipped,2,7,Skipped,1,Skipped,4,Skipped,Skipped,,
6,15,2,Skipped,Skipped,8,Skipped,Skipped,19,Skipped,13,Skipped,Skipped,17,9,7,1,14,Skipped,Skipped,Skipped,31,18,11,Skipped,10,12,Skipped,3,Skipped,16,,
18,11,3,21,30,8,28,15,17,13,29,22,23,7,4,16,2,19,27,12,25,14,26,10,9,5,6,20,1,31,24,,
Skipped,Skipped,Skipped,Skipped,Skipped,Skipped,Skipped,Skipped,Skipped,Skipped,Skipped,Skipped,Skipped,Skipped,Skipped,Skipped,Skipped,Skipped,Skipped,Skipped,Skipped,Skipped,Skipped,Skipped,Skipped,Skipped,Skipped,Skipped,1,Skipped,Skipped,,
Skipped,Skipped,1,Skipped,Skipped,Skipped,Skipped,Skipped,Skipped,Skipped,Skipped,Skipped,Skipped,Skipped,Skipped,Skipped,Skipped,Skipped,Skipped,Skipped,3,Skipped,Skipped,Skipped,2,Skipped,Skipped,Skipped,Skipped,Skipped,Skipped,,
Skipped,Skipped,3,Skipped,Skipped,9,4,Skipped,7,3,Skipped,3,Skipped,Skipped,Skipped,Skipped,8,Skipped,Skipped,Skipped,Skipped,Skipped,Skipped,5,Skipped,Skipped,Skipped,Skipped,Skipped,7,Skipped,,
17,Skipped,3,16,Skipped,Skipped,16,Skipped,16,Skipped,16,Skipped,Skipped,Skipped,16,Skipped,16,Skipped,1,16,16,16,16,Skipped,Skipped,2,4,Skipped,16,Skipped,15,,
Skipped,Skipped,Skipped,Skipped,Skipped,Skipped,Skipped,Skipped,Skipped,Skipped,Skipped,Skipped,Skipped,Skipped,Skipped,Skipped,Skipped,Skipped,Skipped,Skipped,Skipped,Skipped,Skipped,Skipped,Skipped,Skipped,Skipped,Skipped,Skipped,Skipped,Skipped,,
2,5,3,7,20,Skipped,Skipped,Skipped,31,18,19,13,14,20,Skipped,Skipped,4,10,Skipped,Skipped,12,1,Skipped,11,17,15,Skipped,16,6,8,9,,
26,26,7,26,26,26,30,4,6,26,29,26,26,3,26,26,5,1,26,26,27,26,28,26,26,26,26,26,2,31,26,,
26,26,3,2,27,26,26,4,30,26,26,26,26,26,26,26,26,26,26,5,1,6,28,8,9,26,7,26,29,31,26,,
10,Skipped,4,10,Skipped,Skipped,4,Skipped,11,Skipped,7,Skipped,Skipped,3,4,Skipped,1,Skipped,Skipped,Skipped,Skipped,Skipped,3,5,Skipped,8,10,Skipped,3,Skipped,3,,
1,6,2,Skipped,Skipped,3,13,7,31,Skipped,Skipped,15,Skipped,8,12,4,10,Skipped,9,Skipped,Skipped,Skipped,Skipped,Skipped,Skipped,Skipped,5,11,Skipped,14,30,,
Skipped,Skipped,Skipped,Skipped,Skipped,Skipped,Skipped,Skipped,Skipped,Skipped,Skipped,Skipped,Skipped,Skipped,Skipped,Skipped,Skipped,Skipped,Skipped,Skipped,Skipped,Skipped,Skipped,Skipped,Skipped,Skipped,Skipped,Skipped,Skipped,Skipped,Skipped,,
20,26,1,21,9,13,23,28,19,14,27,Skipped,Skipped,16,4,2,15,11,17,18,5,3,8,22,25,12,6,Skipped,7,10,24,,
Skipped,Skipped,Skipped,Skipped,Skipped,Skipped,Skipped,Skipped,Skipped,Skipped,Skipped,Skipped,Skipped,Skipped,Skipped,Skipped,Skipped,Skipped,Skipped,Skipped,Skipped,5,Skipped,1,Skipped,Skipped,Skipped,Skipped,Skipped,Skipped,Skipped,,
Skipped,Skipped,10,Skipped,Skipped,Skipped,Skipped,Skipped,Skipped,Skipped,9,Skipped,Skipped,Skipped,4,6,Skipped,Skipped,Skipped,Skipped,Skipped,5,Skipped,2,Skipped,Skipped,Skipped,Skipped,1,Skipped,7,,
9,Skipped,2,Skipped,14,Skipped,Skipped,Skipped,15,3,12,Skipped,Skipped,13,4,Skipped,5,Skipped,Skipped,Skipped,Skipped,Skipped,16,1,8,10,6,17,7,Skipped,11,,
Skipped,Skipped,Skipped,Skipped,Skipped,Skipped,Skipped,Skipped,Skipped,Skipped,Skipped,Skipped,Skipped,Skipped,Skipped,Skipped,Skipped,Skipped,Skipped,Skipped,Skipped,Skipped,Skipped,Skipped,Skipped,Skipped,Skipped,Skipped,Skipped,Skipped,Skipped,,
15,Skipped,1,Skipped,23,Skipped,Skipped,Skipped,20,24,26,Skipped,Skipped,21,5,13,4,31,12,Skipped,Skipped,17,10,11,Skipped,7,14,28,3,Skipped,18,,
Skipped,Skipped,Skipped,Skipped,Skipped,Skipped,Skipped,Skipped,Skipped,Skipped,Skipped,Skipped,Skipped,Skipped,2,1,3,Skipped,Skipped,Skipped,Skipped,Skipped,Skipped,Skipped,Skipped,Skipped,Skipped,Skipped,4,Skipped,Skipped,,
5,Skipped,1,Skipped,3,Skipped,Skipped,Skipped,Skipped,Skipped,Skipped,Skipped,Skipped,Skipped,Skipped,2,4,Skipped,Skipped,Skipped,Skipped,Skipped,Skipped,Skipped,Skipped,Skipped,Skipped,Skipped,Skipped,Skipped,Skipped,,
25,Skipped,16,3,Skipped,6,11,30,16,Skipped,21,5,16,19,4,29,1,4,Skipped,Skipped,Skipped,13,10,Skipped,12,Skipped,9,10,Skipped,Skipped,31,,
Skipped,Skipped,Skipped,Skipped,Skipped,Skipped,Skipped,Skipped,Skipped,Skipped,Skipped,Skipped,Skipped,Skipped,Skipped,Skipped,Skipped,Skipped,Skipped,Skipped,Skipped,Skipped,Skipped,Skipped,Skipped,Skipped,Skipped,Skipped,Skipped,Skipped,Skipped,,
7,4,5,Skipped,15,Skipped,Skipped,12,Skipped,8,13,9,Skipped,3,Skipped,Skipped,1,Skipped,Skipped,Skipped,Skipped,Skipped,Skipped,2,10,6,11,Skipped,14,Skipped,Skipped,,
Skipped,Skipped,25,Skipped,Skipped,Skipped,Skipped,5,Skipped,Skipped,31,Skipped,Skipped,2,20,1,3,Skipped,Skipped,Skipped,Skipped,Skipped,7,Skipped,Skipped,Skipped,Skipped,Skipped,4,Skipped,23,,
18,8,1,21,27,16,29,11,23,4,19,28,31,15,13,14,5,20,10,17,26,22,6,3,7,12,9,25,2,30,24,,
15,17,4,14,16,20,27,10,21,6,22,25,29,11,7,8,5,19,9,13,26,18,12,3,30,2,28,24,1,31,23,,
20,15,2,11,31,8,24,23,22,3,26,27,27,13,21,10,4,9,25,14,19,6,18,1,12,17,5,27,7,30,16,,
Skipped,Skipped,Skipped,Skipped,Skipped,Skipped,Skipped,Skipped,Skipped,Skipped,Skipped,Skipped,Skipped,Skipped,Skipped,Skipped,Skipped,Skipped,Skipped,Skipped,Skipped,Skipped,Skipped,Skipped,Skipped,Skipped,Skipped,Skipped,Skipped,Skipped,Skipped,,
Skipped,12,3,Skipped,Skipped,Skipped,Skipped,Skipped,Skipped,11,Skipped,Skipped,Skipped,4,6,10,7,5,Skipped,Skipped,Skipped,Skipped,Skipped,9,8,2,Skipped,Skipped,1,Skipped,Skipped,,
Skipped,Skipped,1,Skipped,Skipped,Skipped,Skipped,Skipped,Skipped,Skipped,7,Skipped,Skipped,Skipped,Skipped,4,2,Skipped,3,Skipped,Skipped,Skipped,Skipped,Skipped,Skipped,Skipped,Skipped,Skipped,20,Skipped,25,,
Skipped,2,5,Skipped,Skipped,Skipped,Skipped,Skipped,Skipped,Skipped,Skipped,Skipped,Skipped,3,1,Skipped,Skipped,Skipped,6,Skipped,Skipped,Skipped,Skipped,Skipped,Skipped,4,Skipped,Skipped,Skipped,Skipped,Skipped,,
Skipped,8,Skipped,Skipped,Skipped,Skipped,Skipped,Skipped,Skipped,Skipped,Skipped,Skipped,Skipped,Skipped,10,Skipped,3,Skipped,Skipped,Skipped,Skipped,5,Skipped,Skipped,Skipped,Skipped,Skipped,Skipped,1,Skipped,Skipped,,
Skipped,Skipped,Skipped,Skipped,Skipped,Skipped,Skipped,Skipped,Skipped,Skipped,Skipped,Skipped,Skipped,Skipped,Skipped,Skipped,Skipped,1,Skipped,Skipped,Skipped,Skipped,Skipped,Skipped,Skipped,Skipped,Skipped,Skipped,Skipped,Skipped,Skipped,,
Skipped,Skipped,Skipped,Skipped,Skipped,Skipped,Skipped,Skipped,Skipped,Skipped,Skipped,Skipped,Skipped,Skipped,Skipped,Skipped,Skipped,Skipped,Skipped,Skipped,Skipped,Skipped,Skipped,Skipped,Skipped,Skipped,Skipped,Skipped,Skipped,Skipped,Skipped,,
30,15,1,25,17,16,24,20,31,6,18,3,4,23,11,2,8,29,19,22,27,14,29,9,10,5,21,12,13,26,7,,
Skipped,Skipped,Skipped,Skipped,5,Skipped,6,Skipped,Skipped,11,Skipped,8,12,9,4,2,Skipped,Skipped,Skipped,Skipped,Skipped,Skipped,7,3,Skipped,1,Skipped,Skipped,Skipped,10,Skipped,,
27,23,1,8,29,12,25,10,30,29,31,2,4,17,28,6,7,14,22,13,3,9,21,15,19,18,20,5,11,16,24,,
28,23,6,12,24,5,14,26,13,11,18,17,22,7,8,15,21,31,1,27,29,16,9,2,20,19,10,4,3,25,30,,
Skipped,Skipped,Skipped,5,18,Skipped,10,8,12,2,Skipped,9,11,Skipped,Skipped,Skipped,13,6,15,Skipped,7,3,Skipped,1,4,Skipped,16,Skipped,Skipped,17,14,,
28,29,9,20,4,27,13,14,31,12,2,9,22,18,11,3,30,5,22,23,17,25,8,19,21,7,24,6,1,16,15,,
Skipped,Skipped,Skipped,Skipped,Skipped,2,Skipped,Skipped,Skipped,Skipped,Skipped,Skipped,Skipped,Skipped,10,Skipped,Skipped,1,Skipped,Skipped,Skipped,Skipped,31,Skipped,Skipped,Skipped,Skipped,Skipped,Skipped,Skipped,Skipped,,
9,Skipped,1,Skipped,Skipped,Skipped,4,13,Skipped,13,14,Skipped,Skipped,Skipped,5,2,Skipped,Skipped,13,13,8,Skipped,Skipped,Skipped,Skipped,Skipped,Skipped,7,3,13,Skipped,,
Skipped,Skipped,1,Skipped,9,Skipped,Skipped,8,Skipped,5,7,Skipped,Skipped,Skipped,Skipped,7,Skipped,Skipped,Skipped,Skipped,Skipped,Skipped,Skipped,6,2,4,Skipped,11,3,Skipped,10,,
4,11,2,Skipped,19,8,Skipped,Skipped,7,Skipped,14,Skipped,Skipped,Skipped,5,3,Skipped,18,9,Skipped,Skipped,Skipped,10,6,Skipped,12,Skipped,Skipped,1,Skipped,13,,
18,18,1,9,14,26,4,2,14,22,3,25,26,20,10,16,21,31,12,17,8,10,29,11,6,7,5,23,25,9,7,,
21,13,1,10,28,16,25,4,22,15,11,26,29,23,18,20,17,14,5,12,8,7,2,6,19,30,3,27,24,25,31,,
17,7,1,16,29,21,28,5,30,3,29,27,22,13,14,24,15,7,23,28,15,20,15,14,17,8,12,20,2,31,28,,
18,Skipped,5,13,20,Skipped,Skipped,10,19,4,Skipped,21,23,8,17,11,9,18,7,12,14,15,16,1,6,3,18,22,2,18,31,,
25,Skipped,7,Skipped,28,9,Skipped,13,26,8,27,5,29,4,Skipped,Skipped,3,10,12,Skipped,Skipped,15,24,11,14,6,1,Skipped,2,31,30,,
Skipped,9,Skipped,7,Skipped,Skipped,Skipped,Skipped,Skipped,6,Skipped,Skipped,Skipped,Skipped,5,3,Skipped,1,Skipped,Skipped,4,4,8,Skipped,Skipped,Skipped,Skipped,Skipped,2,Skipped,Skipped,,
Skipped,Skipped,Skipped,Skipped,Skipped,Skipped,Skipped,Skipped,31,Skipped,30,Skipped,Skipped,4,1,6,Skipped,Skipped,Skipped,Skipped,Skipped,15,Skipped,3,Skipped,5,Skipped,Skipped,2,Skipped,Skipped,,
16,12,1,14,26,17,22,20,29,7,31,19,11,28,15,21,9,13,10,6,25,5,24,2,4,23,3,8,18,30,27,,
1,14,7,4,16,21,Skipped,15,11,2,25,Skipped,Skipped,13,19,5,3,10,12,9,6,Skipped,23,20,22,8,17,Skipped,18,Skipped,24,,
15,Skipped,4,Skipped,9,Skipped,Skipped,Skipped,Skipped,Skipped,8,Skipped,Skipped,2,7,1,13,11,Skipped,Skipped,Skipped,Skipped,3,6,Skipped,10,5,Skipped,12,Skipped,14,,
10,Skipped,1,Skipped,15,Skipped,Skipped,Skipped,6,9,7,Skipped,Skipped,14,5,12,16,Skipped,4,Skipped,Skipped,Skipped,18,2,19,8,13,11,3,Skipped,17,,
8,Skipped,4,Skipped,Skipped,Skipped,Skipped,Skipped,12,Skipped,2,Skipped,Skipped,6,7,Skipped,5,Skipped,9,Skipped,Skipped,Skipped,10,1,Skipped,13,Skipped,Skipped,3,Skipped,11,,
11,6,2,Skipped,Skipped,Skipped,Skipped,Skipped,Skipped,Skipped,Skipped,10,Skipped,7,Skipped,8,3,1,Skipped,Skipped,11,Skipped,9,4,Skipped,5,Skipped,Skipped,Skipped,Skipped,Skipped,,
10,30,3,20,29,7,17,14,23,12,24,16,15,6,11,22,2,27,28,13,18,Skipped,9,5,21,4,26,8,1,19,25,,
Skipped,Skipped,Skipped,Skipped,Skipped,Skipped,Skipped,Skipped,Skipped,Skipped,Skipped,Skipped,Skipped,Skipped,Skipped,Skipped,Skipped,Skipped,Skipped,Skipped,Skipped,Skipped,Skipped,Skipped,Skipped,Skipped,Skipped,Skipped,Skipped,Skipped,Skipped,,
23,24,7,26,14,12,21,27,22,5,31,17,28,3,19,9,1,2,18,20,25,13,29,4,11,8,10,16,6,30,15,,
Skipped,Skipped,Skipped,Skipped,Skipped,Skipped,Skipped,Skipped,Skipped,Skipped,7,Skipped,Skipped,3,5,6,2,Skipped,Skipped,Skipped,Skipped,Skipped,4,Skipped,Skipped,Skipped,Skipped,Skipped,1,Skipped,Skipped,,
3,Skipped,Skipped,Skipped,Skipped,Skipped,Skipped,Skipped,7,Skipped,Skipped,Skipped,Skipped,6,2,6,Skipped,Skipped,Skipped,Skipped,Skipped,4,1,Skipped,Skipped,Skipped,Skipped,6,Skipped,Skipped,Skipped,,
5,Skipped,1,Skipped,16,Skipped,Skipped,Skipped,8,Skipped,17,Skipped,Skipped,9,15,4,3,Skipped,14,Skipped,Skipped,Skipped,12,6,7,10,2,Skipped,11,Skipped,13,,
Skipped,Skipped,Skipped,Skipped,Skipped,Skipped,Skipped,Skipped,Skipped,Skipped,Skipped,Skipped,Skipped,Skipped,Skipped,Skipped,Skipped,Skipped,Skipped,Skipped,Skipped,Skipped,Skipped,Skipped,Skipped,Skipped,Skipped,Skipped,Skipped,Skipped,Skipped,,
14,Skipped,4,11,15,Skipped,Skipped,15,Skipped,2,8,Skipped,Skipped,Skipped,12,3,5,Skipped,Skipped,13,Skipped,Skipped,7,6,Skipped,1,Skipped,10,9,Skipped,16,,
15,Skipped,1,Skipped,17,Skipped,Skipped,Skipped,15,Skipped,18,13,13,6,12,8,3,Skipped,9,Skipped,10,7,14,2,Skipped,5,11,13,4,Skipped,16,,
27,14,1,5,24,16,29,7,30,25,31,17,20,8,21,10,3,4,9,15,22,6,29,18,11,12,2,19,13,23,28,,
Skipped,Skipped,Skipped,Skipped,Skipped,Skipped,Skipped,Skipped,Skipped,Skipped,Skipped,Skipped,Skipped,Skipped,Skipped,Skipped,1,Skipped,Skipped,Skipped,Skipped,Skipped,Skipped,Skipped,Skipped,Skipped,Skipped,Skipped,Skipped,Skipped,Skipped,,
14,15,4,3,22,12,15,13,15,8,19,23,24,14,11,16,1,Skipped,3,17,21,5,18,7,10,6,10,20,9,17,16,,
27,27,27,27,27,27,27,28,27,27,Skipped,27,27,27,27,27,27,1,27,27,27,27,27,Skipped,27,Skipped,27,27,27,27,27,,
Skipped,Skipped,Skipped,Skipped,Skipped,Skipped,Skipped,Skipped,Skipped,Skipped,Skipped,Skipped,Skipped,Skipped,Skipped,Skipped,Skipped,Skipped,Skipped,Skipped,Skipped,Skipped,Skipped,Skipped,Skipped,Skipped,Skipped,Skipped,Skipped,Skipped,Skipped,,
6,24,7,13,31,18,15,4,30,2,10,28,16,12,11,25,14,26,28,22,23,5,9,3,21,1,19,28,20,17,8,,
Skipped,Skipped,1,Skipped,Skipped,Skipped,Skipped,Skipped,Skipped,Skipped,Skipped,Skipped,Skipped,Skipped,Skipped,Skipped,Skipped,Skipped,Skipped,Skipped,Skipped,Skipped,Skipped,Skipped,Skipped,Skipped,Skipped,Skipped,Skipped,Skipped,Skipped,,
Skipped,Skipped,Skipped,Skipped,1,Skipped,Skipped,Skipped,Skipped,Skipped,Skipped,Skipped,Skipped,Skipped,Skipped,Skipped,Skipped,Skipped,Skipped,Skipped,Skipped,Skipped,Skipped,Skipped,Skipped,Skipped,Skipped,Skipped,Skipped,Skipped,Skipped,,
5,9,4,6,25,8,17,21,15,1,28,16,26,22,18,Skipped,12,Skipped,20,13,20,14,23,7,10,3,11,27,2,19,29,,
Skipped,Skipped,1,Skipped,Skipped,Skipped,Skipped,Skipped,Skipped,Skipped,31,Skipped,Skipped,Skipped,Skipped,Skipped,Skipped,3,Skipped,Skipped,Skipped,Skipped,Skipped,Skipped,Skipped,Skipped,2,Skipped,Skipped,Skipped,Skipped,,
Skipped,6,Skipped,Skipped,Skipped,6,11,Skipped,Skipped,7,Skipped,Skipped,Skipped,5,10,5,7,1,Skipped,8,Skipped,2,9,Skipped,Skipped,4,7,Skipped,3,12,Skipped,,
8,29,1,13,18,30,26,20,28,5,16,23,24,17,6,19,27,21,10,31,14,12,2,11,9,7,4,22,3,25,15,,
27,17,3,27,11,27,12,5,27,27,28,30,31,8,6,4,2,9,19,18,7,1,27,13,16,14,10,29,15,27,27,,
14,6,28,2,14,28,15,28,29,4,28,28,28,28,12,28,5,28,9,11,10,8,13,7,28,1,Skipped,14,3,16,17,,
23,17,3,10,29,15,27,7,30,14,31,Skipped,26,9,18,11,6,13,24,8,12,4,20,5,19,1,16,Skipped,2,28,25,,
Skipped,Skipped,Skipped,Skipped,Skipped,Skipped,Skipped,Skipped,Skipped,Skipped,Skipped,Skipped,Skipped,Skipped,Skipped,Skipped,Skipped,Skipped,Skipped,Skipped,Skipped,Skipped,Skipped,Skipped,Skipped,Skipped,Skipped,Skipped,Skipped,Skipped,Skipped,,
Skipped,Skipped,Skipped,Skipped,Skipped,Skipped,Skipped,Skipped,Skipped,Skipped,Skipped,Skipped,Skipped,Skipped,Skipped,Skipped,Skipped,Skipped,Skipped,Skipped,Skipped,Skipped,Skipped,Skipped,Skipped,Skipped,Skipped,Skipped,Skipped,Skipped,Skipped,,
14,10,Skipped,6,17,Skipped,9,11,Skipped,15,Skipped,5,Skipped,Skipped,Skipped,Skipped,Skipped,2,Skipped,8,7,1,Skipped,Skipped,12,4,3,Skipped,Skipped,13,16,,
17,4,5,Skipped,25,11,14,Skipped,9,Skipped,15,20,25,13,7,3,1,10,8,19,Skipped,16,12,2,18,6,Skipped,Skipped,Skipped,Skipped,26,,
12,11,1,Skipped,15,Skipped,Skipped,Skipped,16,Skipped,10,Skipped,Skipped,9,5,6,4,Skipped,Skipped,Skipped,Skipped,8,3,7,Skipped,13,Skipped,Skipped,2,Skipped,14,,
17,Skipped,3,12,10,17,Skipped,Skipped,17,5,17,Skipped,Skipped,8,9,18,4,Skipped,7,Skipped,6,Skipped,Skipped,2,Skipped,1,17,Skipped,11,Skipped,13,,
13,15,6,7,27,25,29,5,17,2,22,11,31,3,8,12,21,10,26,16,28,23,9,4,14,19,20,24,1,Skipped,18,,
Skipped,Skipped,Skipped,Skipped,Skipped,Skipped,Skipped,Skipped,Skipped,Skipped,Skipped,Skipped,Skipped,Skipped,Skipped,Skipped,Skipped,Skipped,Skipped,Skipped,Skipped,Skipped,Skipped,Skipped,Skipped,Skipped,Skipped,Skipped,Skipped,Skipped,Skipped,,
10,8,4,Skipped,Skipped,Skipped,Skipped,Skipped,13,Skipped,11,Skipped,Skipped,6,7,Skipped,3,Skipped,Skipped,Skipped,Skipped,Skipped,9,5,Skipped,2,Skipped,Skipped,1,Skipped,12,,
9,Skipped,6,11,26,Skipped,Skipped,14,21,13,25,15,Skipped,5,17,24,4,19,18,22,12,8,20,2,10,3,7,16,1,Skipped,23,,
Skipped,Skipped,Skipped,Skipped,Skipped,Skipped,Skipped,Skipped,Skipped,1,Skipped,Skipped,Skipped,Skipped,Skipped,Skipped,Skipped,2,Skipped,3,Skipped,Skipped,Skipped,Skipped,Skipped,Skipped,Skipped,Skipped,Skipped,Skipped,Skipped,,
12,Skipped,9,Skipped,Skipped,4,Skipped,Skipped,11,Skipped,Skipped,Skipped,Skipped,7,Skipped,1,10,3,Skipped,Skipped,Skipped,Skipped,13,Skipped,2,6,8,Skipped,Skipped,Skipped,5,,
Skipped,Skipped,1,Skipped,Skipped,Skipped,Skipped,Skipped,Skipped,Skipped,Skipped,Skipped,Skipped,Skipped,Skipped,Skipped,Skipped,2,Skipped,Skipped,Skipped,Skipped,Skipped,Skipped,Skipped,Skipped,Skipped,Skipped,Skipped,Skipped,Skipped,,
Skipped,Skipped,5,Skipped,31,Skipped,Skipped,4,Skipped,Skipped,1,Skipped,Skipped,31,Skipped,Skipped,31,Skipped,Skipped,Skipped,Skipped,Skipped,3,Skipped,Skipped,Skipped,Skipped,6,Skipped,Skipped,Skipped,,
8,13,1,Skipped,9,Skipped,Skipped,Skipped,16,Skipped,17,Skipped,Skipped,14,12,5,2,7,Skipped,18,Skipped,Skipped,15,4,Skipped,6,10,Skipped,3,Skipped,11,,
6,3,4,8,23,19,20,18,28,25,21,Skipped,Skipped,7,13,2,1,10,14,24,15,9,22,12,17,11,5,Skipped,26,27,16,,
7,Skipped,3,Skipped,Skipped,Skipped,Skipped,Skipped,6,Skipped,10,Skipped,Skipped,8,5,4,9,Skipped,Skipped,Skipped,Skipped,Skipped,2,Skipped,Skipped,Skipped,Skipped,Skipped,1,Skipped,Skipped,,
Skipped,Skipped,Skipped,Skipped,Skipped,Skipped,Skipped,Skipped,Skipped,Skipped,Skipped,Skipped,Skipped,Skipped,Skipped,Skipped,Skipped,Skipped,Skipped,Skipped,Skipped,Skipped,Skipped,Skipped,Skipped,Skipped,Skipped,Skipped,Skipped,Skipped,Skipped,,
Skipped,Skipped,Skipped,Skipped,Skipped,Skipped,Skipped,Skipped,Skipped,Skipped,Skipped,Skipped,Skipped,1,4,3,Skipped,Skipped,Skipped,Skipped,Skipped,Skipped,2,Skipped,Skipped,Skipped,Skipped,Skipped,Skipped,Skipped,Skipped,,
Skipped,2,5,Skipped,Skipped,Skipped,Skipped,3,Skipped,4,Skipped,Skipped,8,Skipped,31,Skipped,11,1,Skipped,Skipped,9,Skipped,Skipped,13,10,12,7,Skipped,Skipped,30,Skipped,,
15,21,2,25,14,20,26,27,8,7,10,30,29,17,4,5,1,3,16,22,18,13,23,9,12,19,6,31,11,28,24,,
18,Skipped,1,15,29,Skipped,25,7,26,17,31,12,16,5,3,28,4,Skipped,19,Skipped,9,6,14,10,8,11,14,13,2,24,30,,
Skipped,Skipped,3,16,Skipped,13,5,18,18,Skipped,Skipped,7,8,14,4,2,9,Skipped,Skipped,11,10,18,15,Skipped,Skipped,12,18,6,1,Skipped,Skipped,,
Skipped,Skipped,Skipped,Skipped,Skipped,Skipped,Skipped,Skipped,Skipped,Skipped,Skipped,Skipped,Skipped,Skipped,Skipped,Skipped,Skipped,Skipped,Skipped,Skipped,Skipped,Skipped,Skipped,Skipped,Skipped,Skipped,Skipped,Skipped,Skipped,Skipped,Skipped,,
13,Skipped,2,6,30,Skipped,27,16,29,26,28,1,14,15,Skipped,Skipped,9,Skipped,5,Skipped,7,4,Skipped,24,8,3,12,11,10,25,31,,
Skipped,Skipped,1,Skipped,Skipped,Skipped,Skipped,Skipped,Skipped,Skipped,Skipped,Skipped,Skipped,Skipped,Skipped,Skipped,Skipped,Skipped,Skipped,Skipped,Skipped,Skipped,Skipped,Skipped,Skipped,Skipped,Skipped,Skipped,Skipped,Skipped,31,,
Skipped,5,Skipped,Skipped,31,Skipped,Skipped,2,Skipped,30,29,28,26,18,9,Skipped,Skipped,Skipped,Skipped,Skipped,Skipped,Skipped,Skipped,1,Skipped,Skipped,10,27,5,Skipped,Skipped,,
12,14,17,6,21,10,15,18,29,3,28,23,22,26,24,27,31,9,13,5,7,19,25,8,1,4,2,20,11,16,30,,
Skipped,Skipped,Skipped,Skipped,Skipped,Skipped,Skipped,1,Skipped,2,Skipped,Skipped,Skipped,Skipped,Skipped,3,Skipped,Skipped,Skipped,Skipped,Skipped,Skipped,Skipped,Skipped,Skipped,Skipped,Skipped,Skipped,Skipped,Skipped,Skipped,,
Skipped,30,1,Skipped,29,14,17,Skipped,13,Skipped,5,31,Skipped,2,6,Skipped,4,Skipped,8,28,15,16,3,Skipped,Skipped,14,Skipped,Skipped,Skipped,Skipped,15,,
Skipped,Skipped,Skipped,Skipped,Skipped,Skipped,Skipped,Skipped,Skipped,Skipped,Skipped,Skipped,Skipped,1,Skipped,Skipped,Skipped,Skipped,Skipped,Skipped,Skipped,Skipped,Skipped,Skipped,Skipped,Skipped,Skipped,Skipped,Skipped,Skipped,Skipped,,
7,Skipped,Skipped,Skipped,Skipped,Skipped,Skipped,Skipped,Skipped,Skipped,31,Skipped,Skipped,6,3,2,5,4,Skipped,Skipped,Skipped,Skipped,Skipped,Skipped,Skipped,Skipped,Skipped,Skipped,1,Skipped,Skipped,,
Skipped,Skipped,Skipped,Skipped,Skipped,Skipped,Skipped,Skipped,Skipped,Skipped,Skipped,Skipped,Skipped,Skipped,Skipped,Skipped,Skipped,Skipped,Skipped,Skipped,Skipped,Skipped,Skipped,Skipped,Skipped,Skipped,Skipped,Skipped,Skipped,Skipped,Skipped,,
6,2,Skipped,27,Skipped,14,20,20,13,4,19,Skipped,15,7,11,Skipped,5,1,10,31,24,8,9,3,Skipped,17,12,Skipped,16,19,Skipped,,
Skipped,Skipped,2,Skipped,Skipped,Skipped,Skipped,Skipped,Skipped,Skipped,Skipped,Skipped,Skipped,4,Skipped,Skipped,Skipped,1,Skipped,Skipped,Skipped,Skipped,Skipped,Skipped,Skipped,Skipped,3,Skipped,Skipped,Skipped,Skipped,,
Skipped,Skipped,Skipped,Skipped,6,Skipped,Skipped,Skipped,Skipped,2,Skipped,Skipped,Skipped,Skipped,Skipped,7,Skipped,1,4,Skipped,Skipped,Skipped,Skipped,5,Skipped,3,Skipped,Skipped,Skipped,Skipped,Skipped,,
Skipped,Skipped,Skipped,Skipped,Skipped,Skipped,Skipped,Skipped,Skipped,Skipped,Skipped,Skipped,Skipped,Skipped,Skipped,Skipped,Skipped,Skipped,Skipped,Skipped,Skipped,Skipped,Skipped,Skipped,Skipped,Skipped,Skipped,Skipped,Skipped,Skipped,Skipped,,
15,Skipped,15,15,Skipped,16,15,15,15,15,Skipped,Skipped,4,Skipped,2,Skipped,1,Skipped,5,Skipped,Skipped,15,Skipped,Skipped,3,15,Skipped,15,Skipped,Skipped,6,,
11,22,14,9,26,Skipped,Skipped,7,27,24,18,1,2,12,10,19,8,20,5,25,6,Skipped,13,3,4,21,17,16,15,Skipped,23,,
18,Skipped,Skipped,15,Skipped,Skipped,12,1,15,Skipped,12,12,7,Skipped,Skipped,3,5,2,Skipped,12,18,Skipped,Skipped,18,12,Skipped,4,6,15,7,Skipped,,
18,10,4,Skipped,16,2,15,6,24,11,26,Skipped,Skipped,8,19,12,5,14,7,Skipped,23,13,9,3,21,17,22,Skipped,1,20,25,,
Skipped,Skipped,Skipped,Skipped,Skipped,Skipped,Skipped,Skipped,Skipped,Skipped,Skipped,Skipped,Skipped,Skipped,Skipped,Skipped,Skipped,Skipped,Skipped,Skipped,Skipped,2,Skipped,3,Skipped,4,Skipped,Skipped,1,Skipped,Skipped,,
Skipped,Skipped,10,Skipped,Skipped,6,Skipped,Skipped,Skipped,4,11,9,Skipped,Skipped,Skipped,7,Skipped,Skipped,2,3,Skipped,Skipped,8,5,Skipped,Skipped,1,Skipped,Skipped,Skipped,Skipped,,
15,2,13,3,Skipped,12,11,20,9,22,Skipped,10,Skipped,18,Skipped,21,6,4,Skipped,17,16,7,14,8,Skipped,1,19,Skipped,5,24,23,,
Skipped,Skipped,Skipped,Skipped,Skipped,Skipped,Skipped,Skipped,Skipped,Skipped,Skipped,Skipped,Skipped,Skipped,Skipped,1,Skipped,Skipped,Skipped,Skipped,Skipped,Skipped,Skipped,Skipped,Skipped,Skipped,Skipped,Skipped,Skipped,Skipped,Skipped,,
14,13,4,12,27,1,27,2,20,5,27,22,22,27,27,20,6,27,3,17,11,7,28,9,8,10,21,22,15,Skipped,16,,
Skipped,Skipped,1,25,27,Skipped,11,10,Skipped,6,30,Skipped,Skipped,29,14,8,7,3,9,Skipped,24,13,31,5,12,2,26,15,4,Skipped,28,,
18,4,3,Skipped,Skipped,Skipped,Skipped,9,17,5,20,14,Skipped,11,13,8,1,16,Skipped,Skipped,Skipped,Skipped,19,6,12,10,7,15,2,Skipped,21,,
18,20,4,17,10,29,16,12,28,1,14,22,23,7,3,15,2,19,27,30,13,25,11,9,26,31,8,21,6,24,5,,
13,12,5,7,27,17,28,16,14,11,29,22,30,9,8,21,1,18,25,20,6,3,26,15,19,4,10,23,2,31,24,,
Skipped,Skipped,Skipped,Skipped,Skipped,Skipped,Skipped,Skipped,Skipped,Skipped,Skipped,Skipped,Skipped,1,Skipped,Skipped,Skipped,Skipped,Skipped,Skipped,Skipped,Skipped,Skipped,Skipped,Skipped,Skipped,Skipped,Skipped,Skipped,Skipped,Skipped,,
24,12,4,22,28,15,30,11,21,8,30,25,23,6,16,20,7,1,19,17,13,3,14,Skipped,10,5,9,26,2,27,18,,
16,26,25,16,8,25,8,20,30,16,7,4,11,28,27,25,4,25,16,20,17,6,10,5,20,4,1,29,30,25,16,,
6,12,2,23,25,17,26,18,22,27,30,15,29,20,8,10,1,3,7,19,24,9,16,5,4,14,11,28,13,31,21,,
Skipped,Skipped,Skipped,Skipped,Skipped,Skipped,12,Skipped,Skipped,Skipped,11,Skipped,Skipped,4,Skipped,Skipped,1,10,Skipped,9,5,3,Skipped,2,Skipped,Skipped,Skipped,Skipped,6,10,Skipped,,
16,7,4,Skipped,31,Skipped,Skipped,Skipped,15,5,11,Skipped,Skipped,12,8,1,9,Skipped,14,Skipped,Skipped,Skipped,2,13,Skipped,6,Skipped,Skipped,10,Skipped,3,,
Skipped,5,4,Skipped,31,Skipped,Skipped,Skipped,Skipped,Skipped,31,Skipped,Skipped,Skipped,3,Skipped,1,Skipped,Skipped,Skipped,Skipped,Skipped,Skipped,Skipped,Skipped,Skipped,6,Skipped,2,Skipped,31,,
24,15,2,10,30,6,26,16,27,29,17,19,21,8,9,13,14,3,18,28,12,11,4,20,1,5,7,23,31,22,25,,
3,6,4,Skipped,21,Skipped,Skipped,Skipped,19,13,20,Skipped,Skipped,14,11,8,1,2,9,Skipped,Skipped,7,18,5,16,15,12,Skipped,10,Skipped,17,,
Skipped,Skipped,Skipped,Skipped,Skipped,3,2,Skipped,Skipped,Skipped,Skipped,Skipped,Skipped,6,5,7,1,Skipped,9,Skipped,Skipped,Skipped,4,Skipped,Skipped,Skipped,Skipped,Skipped,8,Skipped,Skipped,,
Skipped,Skipped,Skipped,2,Skipped,Skipped,Skipped,Skipped,Skipped,Skipped,Skipped,Skipped,Skipped,Skipped,Skipped,Skipped,Skipped,Skipped,Skipped,Skipped,Skipped,Skipped,Skipped,Skipped,Skipped,Skipped,1,Skipped,Skipped,Skipped,Skipped,,
Skipped,Skipped,1,Skipped,Skipped,Skipped,Skipped,5,31,6,31,31,Skipped,Skipped,Skipped,Skipped,3,Skipped,28,30,Skipped,Skipped,Skipped,Skipped,29,Skipped,4,Skipped,2,Skipped,31,,
Skipped,Skipped,Skipped,Skipped,Skipped,Skipped,Skipped,Skipped,Skipped,Skipped,Skipped,Skipped,Skipped,Skipped,Skipped,Skipped,Skipped,Skipped,Skipped,Skipped,Skipped,Skipped,31,Skipped,Skipped,Skipped,Skipped,Skipped,Skipped,Skipped,Skipped,,
5,Skipped,1,Skipped,Skipped,Skipped,Skipped,Skipped,Skipped,Skipped,8,Skipped,Skipped,10,6,Skipped,4,Skipped,3,Skipped,Skipped,Skipped,Skipped,2,7,Skipped,9,Skipped,Skipped,Skipped,11,,
Skipped,Skipped,2,Skipped,Skipped,7,Skipped,13,13,8,13,6,5,Skipped,5,Skipped,Skipped,13,Skipped,Skipped,Skipped,Skipped,9,5,Skipped,Skipped,5,Skipped,5,13,Skipped,,
9,8,1,24,30,13,25,20,10,17,31,28,27,3,4,12,16,15,14,18,23,22,7,19,11,5,26,29,2,21,6,,
Skipped,Skipped,Skipped,Skipped,Skipped,Skipped,Skipped,Skipped,Skipped,Skipped,Skipped,Skipped,Skipped,Skipped,Skipped,Skipped,Skipped,Skipped,Skipped,Skipped,Skipped,Skipped,Skipped,Skipped,Skipped,Skipped,Skipped,Skipped,Skipped,Skipped,Skipped,,
Skipped,Skipped,6,Skipped,Skipped,Skipped,Skipped,Skipped,Skipped,5,Skipped,Skipped,Skipped,Skipped,Skipped,3,1,Skipped,Skipped,Skipped,Skipped,4,Skipped,2,Skipped,Skipped,Skipped,Skipped,Skipped,Skipped,Skipped,,
Skipped,Skipped,1,Skipped,Skipped,Skipped,Skipped,Skipped,Skipped,Skipped,Skipped,Skipped,Skipped,4,3,2,Skipped,Skipped,Skipped,Skipped,Skipped,Skipped,3,Skipped,Skipped,Skipped,Skipped,Skipped,1,Skipped,Skipped,,
6,Skipped,3,Skipped,31,Skipped,Skipped,Skipped,29,27,8,Skipped,Skipped,9,11,5,4,28,Skipped,Skipped,Skipped,Skipped,30,2,Skipped,7,Skipped,Skipped,1,28,31,,
2,Skipped,4,Skipped,Skipped,Skipped,Skipped,Skipped,6,Skipped,31,Skipped,Skipped,25,9,Skipped,5,1,Skipped,Skipped,Skipped,Skipped,8,7,Skipped,15,9,Skipped,3,Skipped,Skipped,,
5,Skipped,Skipped,Skipped,Skipped,Skipped,Skipped,Skipped,7,Skipped,8,Skipped,Skipped,6,1,2,3,9,Skipped,Skipped,Skipped,Skipped,4,Skipped,Skipped,Skipped,Skipped,Skipped,Skipped,Skipped,Skipped,,
17,13,4,16,11,20,30,5,25,22,29,24,18,12,8,10,9,2,15,28,9,3,31,21,14,6,23,19,1,31,7,,
10,21,1,Skipped,Skipped,5,18,12,19,6,17,Skipped,Skipped,3,22,13,2,11,14,Skipped,Skipped,8,9,7,16,15,4,Skipped,Skipped,Skipped,20,,
23,Skipped,Skipped,23,23,23,23,Skipped,23,23,Skipped,23,23,23,4,1,23,3,Skipped,23,23,23,2,Skipped,24,23,Skipped,23,23,23,23,,
17,Skipped,1,Skipped,Skipped,Skipped,Skipped,19,16,Skipped,Skipped,Skipped,Skipped,16,10,Skipped,10,18,3,Skipped,Skipped,9,13,12,9,9,11,10,2,17,Skipped,,
14,12,1,Skipped,Skipped,11,9,2,13,5,21,Skipped,Skipped,7,4,25,3,6,Skipped,Skipped,Skipped,Skipped,31,Skipped,Skipped,Skipped,Skipped,Skipped,24,Skipped,30,,
19,17,15,30,4,27,22,18,20,7,26,16,13,24,8,5,6,28,14,31,29,21,3,9,25,2,10,12,1,23,11,,
24,7,24,24,25,24,Skipped,24,12,24,24,24,24,24,Skipped,6,2,4,24,11,11,3,Skipped,24,Skipped,5,7,24,1,Skipped,11,,
?,9,3,7,?,?,11,?,?,1,15,?,?,13,?,5,4,?,?,?,?,?,12,2,8,?,?,?,6,10,31,,
